{"data":{"allSanityPoem":{"nodes":[{"id":"-69eb5bdb-7fcd-5b19-a6fb-66c8342d52fe","title":"El almohadon de plumas","publishedAt":"2024-03-16T01:21:08.196Z","slug":{"current":"el-almohadon-de-plumas"},"author":{"name":"Roman","slug":{"current":"roman"},"profileImage":{"asset":{"gatsbyImageData":{"images":{"sources":[],"fallback":{"src":"https://cdn.sanity.io/images/jg74t18n/production/9b135e03920b8ac13d84ba10c40d7ddd429e8cd1-1080x1080.png?w=1080&h=1080&auto=format","srcSet":"https://cdn.sanity.io/images/jg74t18n/production/9b135e03920b8ac13d84ba10c40d7ddd429e8cd1-1080x1080.png?w=320&h=320&auto=format 320w,\nhttps://cdn.sanity.io/images/jg74t18n/production/9b135e03920b8ac13d84ba10c40d7ddd429e8cd1-1080x1080.png?w=654&h=654&auto=format 654w,\nhttps://cdn.sanity.io/images/jg74t18n/production/9b135e03920b8ac13d84ba10c40d7ddd429e8cd1-1080x1080.png?w=768&h=768&auto=format 768w,\nhttps://cdn.sanity.io/images/jg74t18n/production/9b135e03920b8ac13d84ba10c40d7ddd429e8cd1-1080x1080.png?w=1024&h=1024&auto=format 1024w,\nhttps://cdn.sanity.io/images/jg74t18n/production/9b135e03920b8ac13d84ba10c40d7ddd429e8cd1-1080x1080.png?w=1080&h=1080&auto=format 1080w","sizes":"(min-width: 1080px) 1080px, 100vw"}},"layout":"constrained","backgroundColor":"#bcbcbc","width":1080,"height":1080}}}},"categories":[],"coverImage":{"alt":"Portada del almohadón de plumas","asset":{"gatsbyImageData":{"images":{"sources":[],"fallback":{"src":"https://cdn.sanity.io/images/jg74t18n/production/03c2378398358c23815b0a4e203016e083e1afd6-1200x1694.jpg?w=1200&h=1694&auto=format","srcSet":"https://cdn.sanity.io/images/jg74t18n/production/03c2378398358c23815b0a4e203016e083e1afd6-1200x1694.jpg?rect=1,0,1199,1694&w=320&h=452&auto=format 320w,\nhttps://cdn.sanity.io/images/jg74t18n/production/03c2378398358c23815b0a4e203016e083e1afd6-1200x1694.jpg?w=654&h=923&auto=format 654w,\nhttps://cdn.sanity.io/images/jg74t18n/production/03c2378398358c23815b0a4e203016e083e1afd6-1200x1694.jpg?w=768&h=1084&auto=format 768w,\nhttps://cdn.sanity.io/images/jg74t18n/production/03c2378398358c23815b0a4e203016e083e1afd6-1200x1694.jpg?w=1024&h=1446&auto=format 1024w,\nhttps://cdn.sanity.io/images/jg74t18n/production/03c2378398358c23815b0a4e203016e083e1afd6-1200x1694.jpg?w=1200&h=1694&auto=format 1200w","sizes":"(min-width: 1200px) 1200px, 100vw"}},"layout":"constrained","backgroundColor":"#db413d","width":1200,"height":1694}}}},{"id":"-51e3f5c7-b863-5307-ba63-9474a0bc70e7","title":"Ausencia","publishedAt":"2024-03-13T16:59:19.610Z","slug":{"current":"ausencia"},"author":{"name":"Roman","slug":{"current":"roman"},"profileImage":{"asset":{"gatsbyImageData":{"images":{"sources":[],"fallback":{"src":"https://cdn.sanity.io/images/jg74t18n/production/9b135e03920b8ac13d84ba10c40d7ddd429e8cd1-1080x1080.png?w=1080&h=1080&auto=format","srcSet":"https://cdn.sanity.io/images/jg74t18n/production/9b135e03920b8ac13d84ba10c40d7ddd429e8cd1-1080x1080.png?w=320&h=320&auto=format 320w,\nhttps://cdn.sanity.io/images/jg74t18n/production/9b135e03920b8ac13d84ba10c40d7ddd429e8cd1-1080x1080.png?w=654&h=654&auto=format 654w,\nhttps://cdn.sanity.io/images/jg74t18n/production/9b135e03920b8ac13d84ba10c40d7ddd429e8cd1-1080x1080.png?w=768&h=768&auto=format 768w,\nhttps://cdn.sanity.io/images/jg74t18n/production/9b135e03920b8ac13d84ba10c40d7ddd429e8cd1-1080x1080.png?w=1024&h=1024&auto=format 1024w,\nhttps://cdn.sanity.io/images/jg74t18n/production/9b135e03920b8ac13d84ba10c40d7ddd429e8cd1-1080x1080.png?w=1080&h=1080&auto=format 1080w","sizes":"(min-width: 1080px) 1080px, 100vw"}},"layout":"constrained","backgroundColor":"#bcbcbc","width":1080,"height":1080}}}},"categories":[{"title":"Escritura-creativa","slug":{"current":"escritura-creativa"}}],"coverImage":null}]},"allSanityGenre":{"nodes":[{"_id":"dccc174a-a2eb-4683-bc4f-5f9ca6f7e0e1","slug":{"current":"poemas"},"title":"Poemas"},{"_id":"0293d472-7b6e-4251-aeaf-bffbe39c1b76","slug":{"current":"cuentos"},"title":"Cuentos"}]}}}