{"data":{"allSanityFeatured":{"nodes":[{"posts":[{"title":"This is a demo post 7","slug":{"current":"this-is-a-demo-post-7"},"author":{"name":"Nico Robin","slug":{"current":"nico-robin"}},"coverImage":{"asset":{"gatsbyImageData":{"images":{"sources":[],"fallback":{"src":"https://cdn.sanity.io/images/jg74t18n/production/c7b16870349fb5bac339458217a23b542e02aebd-4492x3024.jpg?w=4492&h=3024&auto=format","srcSet":"https://cdn.sanity.io/images/jg74t18n/production/c7b16870349fb5bac339458217a23b542e02aebd-4492x3024.jpg?rect=0,3,4492,3018&w=320&h=215&auto=format 320w,\nhttps://cdn.sanity.io/images/jg74t18n/production/c7b16870349fb5bac339458217a23b542e02aebd-4492x3024.jpg?rect=0,1,4492,3022&w=654&h=440&auto=format 654w,\nhttps://cdn.sanity.io/images/jg74t18n/production/c7b16870349fb5bac339458217a23b542e02aebd-4492x3024.jpg?w=768&h=517&auto=format 768w,\nhttps://cdn.sanity.io/images/jg74t18n/production/c7b16870349fb5bac339458217a23b542e02aebd-4492x3024.jpg?rect=0,1,4492,3022&w=1024&h=689&auto=format 1024w,\nhttps://cdn.sanity.io/images/jg74t18n/production/c7b16870349fb5bac339458217a23b542e02aebd-4492x3024.jpg?rect=1,0,4490,3024&w=1366&h=920&auto=format 1366w,\nhttps://cdn.sanity.io/images/jg74t18n/production/c7b16870349fb5bac339458217a23b542e02aebd-4492x3024.jpg?w=1600&h=1077&auto=format 1600w,\nhttps://cdn.sanity.io/images/jg74t18n/production/c7b16870349fb5bac339458217a23b542e02aebd-4492x3024.jpg?rect=1,0,4490,3024&w=1920&h=1293&auto=format 1920w,\nhttps://cdn.sanity.io/images/jg74t18n/production/c7b16870349fb5bac339458217a23b542e02aebd-4492x3024.jpg?rect=1,0,4491,3024&w=2048&h=1379&auto=format 2048w,\nhttps://cdn.sanity.io/images/jg74t18n/production/c7b16870349fb5bac339458217a23b542e02aebd-4492x3024.jpg?rect=0,1,4492,3023&w=2560&h=1723&auto=format 2560w,\nhttps://cdn.sanity.io/images/jg74t18n/production/c7b16870349fb5bac339458217a23b542e02aebd-4492x3024.jpg?w=3440&h=2316&auto=format 3440w,\nhttps://cdn.sanity.io/images/jg74t18n/production/c7b16870349fb5bac339458217a23b542e02aebd-4492x3024.jpg?w=3840&h=2585&auto=format 3840w,\nhttps://cdn.sanity.io/images/jg74t18n/production/c7b16870349fb5bac339458217a23b542e02aebd-4492x3024.jpg?w=4096&h=2757&auto=format 4096w,\nhttps://cdn.sanity.io/images/jg74t18n/production/c7b16870349fb5bac339458217a23b542e02aebd-4492x3024.jpg?w=4492&h=3024&auto=format 4492w","sizes":"(min-width: 4492px) 4492px, 100vw"}},"layout":"constrained","backgroundColor":"#4e2d27","width":4492,"height":3024}}},"excerpt":[{"_rawChildren":[{"_key":"1cd22af2aaf8","_type":"span","marks":[],"text":"Lorem ipsum dolor sit amet, consectetur adipiscing elit, sed do eiusmod tempor incididunt ut labore et dolore magna aliqua. Amet purus gravida quis blandit turpis cursus. Habitasse platea dictumst vestibulum rhoncus."}]}]},{"title":"This is a demo post 8","slug":{"current":"this-is-a-demo-post-8"},"author":{"name":"Nico Robin","slug":{"current":"nico-robin"}},"coverImage":{"asset":{"gatsbyImageData":{"images":{"sources":[],"fallback":{"src":"https://cdn.sanity.io/images/jg74t18n/production/92e098cf930ceeaf96eb95b0c855235fc8e1ea7f-5472x3648.jpg?w=5472&h=3648&auto=format","srcSet":"https://cdn.sanity.io/images/jg74t18n/production/92e098cf930ceeaf96eb95b0c855235fc8e1ea7f-5472x3648.jpg?rect=0,3,5472,3642&w=320&h=213&auto=format 320w,\nhttps://cdn.sanity.io/images/jg74t18n/production/92e098cf930ceeaf96eb95b0c855235fc8e1ea7f-5472x3648.jpg?w=654&h=436&auto=format 654w,\nhttps://cdn.sanity.io/images/jg74t18n/production/92e098cf930ceeaf96eb95b0c855235fc8e1ea7f-5472x3648.jpg?w=768&h=512&auto=format 768w,\nhttps://cdn.sanity.io/images/jg74t18n/production/92e098cf930ceeaf96eb95b0c855235fc8e1ea7f-5472x3648.jpg?rect=2,0,5469,3648&w=1024&h=683&auto=format 1024w,\nhttps://cdn.sanity.io/images/jg74t18n/production/92e098cf930ceeaf96eb95b0c855235fc8e1ea7f-5472x3648.jpg?rect=1,0,5470,3648&w=1366&h=911&auto=format 1366w,\nhttps://cdn.sanity.io/images/jg74t18n/production/92e098cf930ceeaf96eb95b0c855235fc8e1ea7f-5472x3648.jpg?rect=1,0,5470,3648&w=1600&h=1067&auto=format 1600w,\nhttps://cdn.sanity.io/images/jg74t18n/production/92e098cf930ceeaf96eb95b0c855235fc8e1ea7f-5472x3648.jpg?w=1920&h=1280&auto=format 1920w,\nhttps://cdn.sanity.io/images/jg74t18n/production/92e098cf930ceeaf96eb95b0c855235fc8e1ea7f-5472x3648.jpg?rect=0,1,5472,3647&w=2048&h=1365&auto=format 2048w,\nhttps://cdn.sanity.io/images/jg74t18n/production/92e098cf930ceeaf96eb95b0c855235fc8e1ea7f-5472x3648.jpg?rect=1,0,5471,3648&w=2560&h=1707&auto=format 2560w,\nhttps://cdn.sanity.io/images/jg74t18n/production/92e098cf930ceeaf96eb95b0c855235fc8e1ea7f-5472x3648.jpg?rect=0,1,5472,3647&w=3440&h=2293&auto=format 3440w,\nhttps://cdn.sanity.io/images/jg74t18n/production/92e098cf930ceeaf96eb95b0c855235fc8e1ea7f-5472x3648.jpg?w=3840&h=2560&auto=format 3840w,\nhttps://cdn.sanity.io/images/jg74t18n/production/92e098cf930ceeaf96eb95b0c855235fc8e1ea7f-5472x3648.jpg?rect=1,0,5471,3648&w=4096&h=2731&auto=format 4096w,\nhttps://cdn.sanity.io/images/jg74t18n/production/92e098cf930ceeaf96eb95b0c855235fc8e1ea7f-5472x3648.jpg?w=5472&h=3648&auto=format 5472w","sizes":"(min-width: 5472px) 5472px, 100vw"}},"layout":"constrained","backgroundColor":"#202f29","width":5472,"height":3648}}},"excerpt":[{"_rawChildren":[{"_key":"1cd22af2aaf8","_type":"span","marks":[],"text":"Lorem ipsum dolor sit amet, consectetur adipiscing elit, sed do eiusmod tempor incididunt ut labore et dolore magna aliqua. Amet purus gravida quis blandit turpis cursus. Habitasse platea dictumst vestibulum rhoncus."}]}]}]}]}}}