{"data":{"allSanityFeatured":{"nodes":[{"blogs":[{"id":"-cfdb8a21-1eff-57df-af1e-63e8a885b20e","title":"This is a demo post 5","publishedAt":"2022-02-18T08:24:30.177Z","categories":[{"title":"Virtual Reality","slug":{"current":"virtual-reality"}},{"title":"Development","slug":{"current":"development"}}],"coverImage":{"alt":"This is a demo post 1","asset":{"gatsbyImageData":{"images":{"sources":[],"fallback":{"src":"https://cdn.sanity.io/images/jg74t18n/production/c7b52d8a7f31fd71b2ae0f414dcf8d4dbd052795-3460x2423.jpg?w=3460&h=2423&auto=format","srcSet":"https://cdn.sanity.io/images/jg74t18n/production/c7b52d8a7f31fd71b2ae0f414dcf8d4dbd052795-3460x2423.jpg?rect=0,1,3460,2422&w=320&h=224&auto=format 320w,\nhttps://cdn.sanity.io/images/jg74t18n/production/c7b52d8a7f31fd71b2ae0f414dcf8d4dbd052795-3460x2423.jpg?w=654&h=458&auto=format 654w,\nhttps://cdn.sanity.io/images/jg74t18n/production/c7b52d8a7f31fd71b2ae0f414dcf8d4dbd052795-3460x2423.jpg?rect=1,0,3459,2423&w=768&h=538&auto=format 768w,\nhttps://cdn.sanity.io/images/jg74t18n/production/c7b52d8a7f31fd71b2ae0f414dcf8d4dbd052795-3460x2423.jpg?w=1024&h=717&auto=format 1024w,\nhttps://cdn.sanity.io/images/jg74t18n/production/c7b52d8a7f31fd71b2ae0f414dcf8d4dbd052795-3460x2423.jpg?rect=1,0,3459,2423&w=1366&h=957&auto=format 1366w,\nhttps://cdn.sanity.io/images/jg74t18n/production/c7b52d8a7f31fd71b2ae0f414dcf8d4dbd052795-3460x2423.jpg?rect=0,1,3460,2422&w=1600&h=1120&auto=format 1600w,\nhttps://cdn.sanity.io/images/jg74t18n/production/c7b52d8a7f31fd71b2ae0f414dcf8d4dbd052795-3460x2423.jpg?rect=1,0,3459,2423&w=1920&h=1345&auto=format 1920w,\nhttps://cdn.sanity.io/images/jg74t18n/production/c7b52d8a7f31fd71b2ae0f414dcf8d4dbd052795-3460x2423.jpg?w=2048&h=1434&auto=format 2048w,\nhttps://cdn.sanity.io/images/jg74t18n/production/c7b52d8a7f31fd71b2ae0f414dcf8d4dbd052795-3460x2423.jpg?rect=1,0,3459,2423&w=2560&h=1793&auto=format 2560w,\nhttps://cdn.sanity.io/images/jg74t18n/production/c7b52d8a7f31fd71b2ae0f414dcf8d4dbd052795-3460x2423.jpg?w=3440&h=2409&auto=format 3440w,\nhttps://cdn.sanity.io/images/jg74t18n/production/c7b52d8a7f31fd71b2ae0f414dcf8d4dbd052795-3460x2423.jpg?w=3460&h=2423&auto=format 3460w","sizes":"(min-width: 3460px) 3460px, 100vw"}},"layout":"constrained","backgroundColor":"#7c0606","width":3460,"height":2423}}},"slug":{"current":"this-is-a-demo-post-5"}},{"id":"-fd85b3b8-2109-57f2-81df-952945b5e6be","title":"This is a demo post 2","publishedAt":"2022-02-18T05:23:52.723Z","categories":[{"title":"Code","slug":{"current":"code"}}],"coverImage":{"alt":"This is a demo post 1","asset":{"gatsbyImageData":{"images":{"sources":[],"fallback":{"src":"https://cdn.sanity.io/images/jg74t18n/production/0197c7e3ce2b1e1aa49557ac5af9bfc8d80516ff-5760x3840.jpg?w=5760&h=3840&auto=format","srcSet":"https://cdn.sanity.io/images/jg74t18n/production/0197c7e3ce2b1e1aa49557ac5af9bfc8d80516ff-5760x3840.jpg?rect=0,3,5760,3834&w=320&h=213&auto=format 320w,\nhttps://cdn.sanity.io/images/jg74t18n/production/0197c7e3ce2b1e1aa49557ac5af9bfc8d80516ff-5760x3840.jpg?w=654&h=436&auto=format 654w,\nhttps://cdn.sanity.io/images/jg74t18n/production/0197c7e3ce2b1e1aa49557ac5af9bfc8d80516ff-5760x3840.jpg?w=768&h=512&auto=format 768w,\nhttps://cdn.sanity.io/images/jg74t18n/production/0197c7e3ce2b1e1aa49557ac5af9bfc8d80516ff-5760x3840.jpg?rect=2,0,5757,3840&w=1024&h=683&auto=format 1024w,\nhttps://cdn.sanity.io/images/jg74t18n/production/0197c7e3ce2b1e1aa49557ac5af9bfc8d80516ff-5760x3840.jpg?rect=1,0,5758,3840&w=1366&h=911&auto=format 1366w,\nhttps://cdn.sanity.io/images/jg74t18n/production/0197c7e3ce2b1e1aa49557ac5af9bfc8d80516ff-5760x3840.jpg?rect=1,0,5758,3840&w=1600&h=1067&auto=format 1600w,\nhttps://cdn.sanity.io/images/jg74t18n/production/0197c7e3ce2b1e1aa49557ac5af9bfc8d80516ff-5760x3840.jpg?w=1920&h=1280&auto=format 1920w,\nhttps://cdn.sanity.io/images/jg74t18n/production/0197c7e3ce2b1e1aa49557ac5af9bfc8d80516ff-5760x3840.jpg?rect=0,1,5760,3839&w=2048&h=1365&auto=format 2048w,\nhttps://cdn.sanity.io/images/jg74t18n/production/0197c7e3ce2b1e1aa49557ac5af9bfc8d80516ff-5760x3840.jpg?rect=1,0,5759,3840&w=2560&h=1707&auto=format 2560w,\nhttps://cdn.sanity.io/images/jg74t18n/production/0197c7e3ce2b1e1aa49557ac5af9bfc8d80516ff-5760x3840.jpg?rect=0,1,5760,3839&w=3440&h=2293&auto=format 3440w,\nhttps://cdn.sanity.io/images/jg74t18n/production/0197c7e3ce2b1e1aa49557ac5af9bfc8d80516ff-5760x3840.jpg?w=3840&h=2560&auto=format 3840w,\nhttps://cdn.sanity.io/images/jg74t18n/production/0197c7e3ce2b1e1aa49557ac5af9bfc8d80516ff-5760x3840.jpg?rect=1,0,5759,3840&w=4096&h=2731&auto=format 4096w,\nhttps://cdn.sanity.io/images/jg74t18n/production/0197c7e3ce2b1e1aa49557ac5af9bfc8d80516ff-5760x3840.jpg?w=5760&h=3840&auto=format 5760w","sizes":"(min-width: 5760px) 5760px, 100vw"}},"layout":"constrained","backgroundColor":"#254c44","width":5760,"height":3840}}},"slug":{"current":"this-is-a-demo-post-2"}},{"id":"-5e202d5a-94a5-59d3-990c-cb616d3c828c","title":"This is a demo post 7","publishedAt":"2022-02-18T10:24:56.748Z","categories":[{"title":"Drone","slug":{"current":"drone"}}],"coverImage":{"alt":"This is a demo post 1","asset":{"gatsbyImageData":{"images":{"sources":[],"fallback":{"src":"https://cdn.sanity.io/images/jg74t18n/production/c7b16870349fb5bac339458217a23b542e02aebd-4492x3024.jpg?w=4492&h=3024&auto=format","srcSet":"https://cdn.sanity.io/images/jg74t18n/production/c7b16870349fb5bac339458217a23b542e02aebd-4492x3024.jpg?rect=0,3,4492,3018&w=320&h=215&auto=format 320w,\nhttps://cdn.sanity.io/images/jg74t18n/production/c7b16870349fb5bac339458217a23b542e02aebd-4492x3024.jpg?rect=0,1,4492,3022&w=654&h=440&auto=format 654w,\nhttps://cdn.sanity.io/images/jg74t18n/production/c7b16870349fb5bac339458217a23b542e02aebd-4492x3024.jpg?w=768&h=517&auto=format 768w,\nhttps://cdn.sanity.io/images/jg74t18n/production/c7b16870349fb5bac339458217a23b542e02aebd-4492x3024.jpg?rect=0,1,4492,3022&w=1024&h=689&auto=format 1024w,\nhttps://cdn.sanity.io/images/jg74t18n/production/c7b16870349fb5bac339458217a23b542e02aebd-4492x3024.jpg?rect=1,0,4490,3024&w=1366&h=920&auto=format 1366w,\nhttps://cdn.sanity.io/images/jg74t18n/production/c7b16870349fb5bac339458217a23b542e02aebd-4492x3024.jpg?w=1600&h=1077&auto=format 1600w,\nhttps://cdn.sanity.io/images/jg74t18n/production/c7b16870349fb5bac339458217a23b542e02aebd-4492x3024.jpg?rect=1,0,4490,3024&w=1920&h=1293&auto=format 1920w,\nhttps://cdn.sanity.io/images/jg74t18n/production/c7b16870349fb5bac339458217a23b542e02aebd-4492x3024.jpg?rect=1,0,4491,3024&w=2048&h=1379&auto=format 2048w,\nhttps://cdn.sanity.io/images/jg74t18n/production/c7b16870349fb5bac339458217a23b542e02aebd-4492x3024.jpg?rect=0,1,4492,3023&w=2560&h=1723&auto=format 2560w,\nhttps://cdn.sanity.io/images/jg74t18n/production/c7b16870349fb5bac339458217a23b542e02aebd-4492x3024.jpg?w=3440&h=2316&auto=format 3440w,\nhttps://cdn.sanity.io/images/jg74t18n/production/c7b16870349fb5bac339458217a23b542e02aebd-4492x3024.jpg?w=3840&h=2585&auto=format 3840w,\nhttps://cdn.sanity.io/images/jg74t18n/production/c7b16870349fb5bac339458217a23b542e02aebd-4492x3024.jpg?w=4096&h=2757&auto=format 4096w,\nhttps://cdn.sanity.io/images/jg74t18n/production/c7b16870349fb5bac339458217a23b542e02aebd-4492x3024.jpg?w=4492&h=3024&auto=format 4492w","sizes":"(min-width: 4492px) 4492px, 100vw"}},"layout":"constrained","backgroundColor":"#4e2d27","width":4492,"height":3024}}},"slug":{"current":"this-is-a-demo-post-7"}}]}]}}}