{"data":{"allSanityPoem":{"distinct":["-2bc690d0-872d-5e91-8913-af622eba3e54","-b61e0d92-f16b-5a37-8ac0-60b6a7db100b"],"nodes":[{"title":"El almohadon de plumas","author":{"id":"-2bc690d0-872d-5e91-8913-af622eba3e54","name":"Roman","cicle":[{"cicle":"2023-2"}],"slug":{"current":"roman"},"profileImage":{"asset":{"gatsbyImageData":{"images":{"sources":[],"fallback":{"src":"https://cdn.sanity.io/images/jg74t18n/production/9b135e03920b8ac13d84ba10c40d7ddd429e8cd1-1080x1080.png?w=1080&h=1080&auto=format","srcSet":"https://cdn.sanity.io/images/jg74t18n/production/9b135e03920b8ac13d84ba10c40d7ddd429e8cd1-1080x1080.png?w=320&h=320&auto=format 320w,\nhttps://cdn.sanity.io/images/jg74t18n/production/9b135e03920b8ac13d84ba10c40d7ddd429e8cd1-1080x1080.png?w=654&h=654&auto=format 654w,\nhttps://cdn.sanity.io/images/jg74t18n/production/9b135e03920b8ac13d84ba10c40d7ddd429e8cd1-1080x1080.png?w=768&h=768&auto=format 768w,\nhttps://cdn.sanity.io/images/jg74t18n/production/9b135e03920b8ac13d84ba10c40d7ddd429e8cd1-1080x1080.png?w=1024&h=1024&auto=format 1024w,\nhttps://cdn.sanity.io/images/jg74t18n/production/9b135e03920b8ac13d84ba10c40d7ddd429e8cd1-1080x1080.png?w=1080&h=1080&auto=format 1080w","sizes":"(min-width: 1080px) 1080px, 100vw"}},"layout":"constrained","backgroundColor":"#bcbcbc","width":1080,"height":1080}}}}},{"title":"Ausencia","author":{"id":"-2bc690d0-872d-5e91-8913-af622eba3e54","name":"Roman","cicle":[{"cicle":"2023-2"}],"slug":{"current":"roman"},"profileImage":{"asset":{"gatsbyImageData":{"images":{"sources":[],"fallback":{"src":"https://cdn.sanity.io/images/jg74t18n/production/9b135e03920b8ac13d84ba10c40d7ddd429e8cd1-1080x1080.png?w=1080&h=1080&auto=format","srcSet":"https://cdn.sanity.io/images/jg74t18n/production/9b135e03920b8ac13d84ba10c40d7ddd429e8cd1-1080x1080.png?w=320&h=320&auto=format 320w,\nhttps://cdn.sanity.io/images/jg74t18n/production/9b135e03920b8ac13d84ba10c40d7ddd429e8cd1-1080x1080.png?w=654&h=654&auto=format 654w,\nhttps://cdn.sanity.io/images/jg74t18n/production/9b135e03920b8ac13d84ba10c40d7ddd429e8cd1-1080x1080.png?w=768&h=768&auto=format 768w,\nhttps://cdn.sanity.io/images/jg74t18n/production/9b135e03920b8ac13d84ba10c40d7ddd429e8cd1-1080x1080.png?w=1024&h=1024&auto=format 1024w,\nhttps://cdn.sanity.io/images/jg74t18n/production/9b135e03920b8ac13d84ba10c40d7ddd429e8cd1-1080x1080.png?w=1080&h=1080&auto=format 1080w","sizes":"(min-width: 1080px) 1080px, 100vw"}},"layout":"constrained","backgroundColor":"#bcbcbc","width":1080,"height":1080}}}}},{"title":"Cenizas","author":{"id":"-b61e0d92-f16b-5a37-8ac0-60b6a7db100b","name":"Angel Choquehuanca","cicle":[],"slug":{"current":"angel-choquehuanca"},"profileImage":{"asset":{"gatsbyImageData":{"images":{"sources":[],"fallback":{"src":"https://cdn.sanity.io/images/jg74t18n/production/bc51525f23dd3615bb6de91e5eee8cc70d7ec84e-190x190.png?w=190&h=190&auto=format","srcSet":"https://cdn.sanity.io/images/jg74t18n/production/bc51525f23dd3615bb6de91e5eee8cc70d7ec84e-190x190.png?w=190&h=190&auto=format 190w","sizes":"(min-width: 190px) 190px, 100vw"}},"layout":"constrained","backgroundColor":"#996e4d","width":190,"height":190}}}}}]},"allSanityCiclo":{"nodes":[{"cicle":"2023-1","slug":{"current":"2023-1"}},{"cicle":"2022-1","slug":{"current":"2022-1"}},{"cicle":"2022-2","slug":{"current":"2022-2"}},{"cicle":"2023-2","slug":{"current":"2023-2"}}]}}}