{"data":{"allSanityPoem":{"nodes":[{"author":{"name":"Roman","slug":{"current":"roman"},"profileImage":{"asset":{"gatsbyImageData":{"images":{"sources":[],"fallback":{"src":"https://cdn.sanity.io/images/jg74t18n/production/9b135e03920b8ac13d84ba10c40d7ddd429e8cd1-1080x1080.png?w=1080&h=1080&auto=format","srcSet":"https://cdn.sanity.io/images/jg74t18n/production/9b135e03920b8ac13d84ba10c40d7ddd429e8cd1-1080x1080.png?w=320&h=320&auto=format 320w,\nhttps://cdn.sanity.io/images/jg74t18n/production/9b135e03920b8ac13d84ba10c40d7ddd429e8cd1-1080x1080.png?w=654&h=654&auto=format 654w,\nhttps://cdn.sanity.io/images/jg74t18n/production/9b135e03920b8ac13d84ba10c40d7ddd429e8cd1-1080x1080.png?w=768&h=768&auto=format 768w,\nhttps://cdn.sanity.io/images/jg74t18n/production/9b135e03920b8ac13d84ba10c40d7ddd429e8cd1-1080x1080.png?w=1024&h=1024&auto=format 1024w,\nhttps://cdn.sanity.io/images/jg74t18n/production/9b135e03920b8ac13d84ba10c40d7ddd429e8cd1-1080x1080.png?w=1080&h=1080&auto=format 1080w","sizes":"(min-width: 1080px) 1080px, 100vw"}},"layout":"constrained","backgroundColor":"#bcbcbc","width":1080,"height":1080}}}}}]}}}