{"data":{"allSanityPoem":{"nodes":[{"id":"-69eb5bdb-7fcd-5b19-a6fb-66c8342d52fe","title":"El almohadon de plumas","publishedAt":"2024-03-16T01:21:08.196Z","genre":[{"title":"Cuentos"}],"slug":{"current":"el-almohadon-de-plumas"},"categories":[],"author":{"name":"Roman","slug":{"current":"roman"},"profileImage":{"asset":{"gatsbyImageData":{"images":{"sources":[],"fallback":{"src":"https://cdn.sanity.io/images/jg74t18n/production/9b135e03920b8ac13d84ba10c40d7ddd429e8cd1-1080x1080.png?w=1080&h=1080&auto=format","srcSet":"https://cdn.sanity.io/images/jg74t18n/production/9b135e03920b8ac13d84ba10c40d7ddd429e8cd1-1080x1080.png?w=320&h=320&auto=format 320w,\nhttps://cdn.sanity.io/images/jg74t18n/production/9b135e03920b8ac13d84ba10c40d7ddd429e8cd1-1080x1080.png?w=654&h=654&auto=format 654w,\nhttps://cdn.sanity.io/images/jg74t18n/production/9b135e03920b8ac13d84ba10c40d7ddd429e8cd1-1080x1080.png?w=768&h=768&auto=format 768w,\nhttps://cdn.sanity.io/images/jg74t18n/production/9b135e03920b8ac13d84ba10c40d7ddd429e8cd1-1080x1080.png?w=1024&h=1024&auto=format 1024w,\nhttps://cdn.sanity.io/images/jg74t18n/production/9b135e03920b8ac13d84ba10c40d7ddd429e8cd1-1080x1080.png?w=1080&h=1080&auto=format 1080w","sizes":"(min-width: 1080px) 1080px, 100vw"}},"layout":"constrained","backgroundColor":"#bcbcbc","width":1080,"height":1080}}}}},{"id":"-51e3f5c7-b863-5307-ba63-9474a0bc70e7","title":"Ausencia","publishedAt":"2024-03-13T16:59:19.610Z","genre":[{"title":"Poemas"}],"slug":{"current":"ausencia"},"categories":[{"title":"Escritura-creativa","slug":{"current":"escritura-creativa"}}],"author":{"name":"Roman","slug":{"current":"roman"},"profileImage":{"asset":{"gatsbyImageData":{"images":{"sources":[],"fallback":{"src":"https://cdn.sanity.io/images/jg74t18n/production/9b135e03920b8ac13d84ba10c40d7ddd429e8cd1-1080x1080.png?w=1080&h=1080&auto=format","srcSet":"https://cdn.sanity.io/images/jg74t18n/production/9b135e03920b8ac13d84ba10c40d7ddd429e8cd1-1080x1080.png?w=320&h=320&auto=format 320w,\nhttps://cdn.sanity.io/images/jg74t18n/production/9b135e03920b8ac13d84ba10c40d7ddd429e8cd1-1080x1080.png?w=654&h=654&auto=format 654w,\nhttps://cdn.sanity.io/images/jg74t18n/production/9b135e03920b8ac13d84ba10c40d7ddd429e8cd1-1080x1080.png?w=768&h=768&auto=format 768w,\nhttps://cdn.sanity.io/images/jg74t18n/production/9b135e03920b8ac13d84ba10c40d7ddd429e8cd1-1080x1080.png?w=1024&h=1024&auto=format 1024w,\nhttps://cdn.sanity.io/images/jg74t18n/production/9b135e03920b8ac13d84ba10c40d7ddd429e8cd1-1080x1080.png?w=1080&h=1080&auto=format 1080w","sizes":"(min-width: 1080px) 1080px, 100vw"}},"layout":"constrained","backgroundColor":"#bcbcbc","width":1080,"height":1080}}}}}]}}}