{"data":{"allSanityPrincipalPhoto":{"nodes":[{"title":"Foto Principal","principalPhoto":{"asset":{"gatsbyImageData":{"images":{"sources":[],"fallback":{"src":"https://cdn.sanity.io/images/jg74t18n/production/d4a356035134ae1aca395bd01d408bcf5cd29b95-1024x768.jpg?w=1024&h=768&auto=format","srcSet":"https://cdn.sanity.io/images/jg74t18n/production/d4a356035134ae1aca395bd01d408bcf5cd29b95-1024x768.jpg?w=320&h=240&auto=format 320w,\nhttps://cdn.sanity.io/images/jg74t18n/production/d4a356035134ae1aca395bd01d408bcf5cd29b95-1024x768.jpg?rect=1,0,1023,768&w=654&h=491&auto=format 654w,\nhttps://cdn.sanity.io/images/jg74t18n/production/d4a356035134ae1aca395bd01d408bcf5cd29b95-1024x768.jpg?w=768&h=576&auto=format 768w,\nhttps://cdn.sanity.io/images/jg74t18n/production/d4a356035134ae1aca395bd01d408bcf5cd29b95-1024x768.jpg?w=1024&h=768&auto=format 1024w","sizes":"(min-width: 1024px) 1024px, 100vw"}},"layout":"constrained","backgroundColor":"#723f13","width":1024,"height":768}}}}]}}}