{"data":{"sanityPrincipalPhoto":{"title":"Foto Principal","principalPhoto":{"asset":{"gatsbyImageData":{"images":{"sources":[],"fallback":{"src":"https://cdn.sanity.io/images/jg74t18n/production/ac973d8ba38e917643f4605ea9fe711dab8f41cd-1080x810.jpg?w=1080&h=810&auto=format","srcSet":"https://cdn.sanity.io/images/jg74t18n/production/ac973d8ba38e917643f4605ea9fe711dab8f41cd-1080x810.jpg?w=320&h=240&auto=format 320w,\nhttps://cdn.sanity.io/images/jg74t18n/production/ac973d8ba38e917643f4605ea9fe711dab8f41cd-1080x810.jpg?rect=1,0,1079,810&w=654&h=491&auto=format 654w,\nhttps://cdn.sanity.io/images/jg74t18n/production/ac973d8ba38e917643f4605ea9fe711dab8f41cd-1080x810.jpg?w=768&h=576&auto=format 768w,\nhttps://cdn.sanity.io/images/jg74t18n/production/ac973d8ba38e917643f4605ea9fe711dab8f41cd-1080x810.jpg?w=1024&h=768&auto=format 1024w,\nhttps://cdn.sanity.io/images/jg74t18n/production/ac973d8ba38e917643f4605ea9fe711dab8f41cd-1080x810.jpg?w=1080&h=810&auto=format 1080w","sizes":"(min-width: 1080px) 1080px, 100vw"}},"layout":"constrained","backgroundColor":"#ab876a","width":1080,"height":810}}}}}}