{"errors":[{"message":"String cannot represent value: [{ _key: \"e49f81c0ce94\", _type: \"block\", children: [Array], markDefs: [], style: \"normal\" }, { _key: \"ec828618f98a\", _type: \"block\", children: [Array], markDefs: [], style: \"normal\" }]","locations":[{"line":10,"column":9}],"path":["allSanityFeatured","nodes",0,"category",0,"description"]},{"message":"String cannot represent value: [{ _key: \"1efb0c08b489\", _type: \"block\", children: [Array], markDefs: [], style: \"normal\" }]","locations":[{"line":10,"column":9}],"path":["allSanityFeatured","nodes",0,"category",1,"description"]},{"message":"String cannot represent value: [{ _key: \"d1579fadb4dd\", _type: \"block\", children: [Array], markDefs: [], style: \"normal\" }]","locations":[{"line":10,"column":9}],"path":["allSanityFeatured","nodes",0,"category",2,"description"]}],"data":{"allSanityFeatured":{"nodes":[{"category":[{"id":"-3d111f27-bc0b-57f8-b201-034b957da9b1","title":"Virtual Reality","slug":{"current":"virtual-reality"},"description":null},{"id":"-393f18fe-b623-5e2b-b414-474be239a245","title":"Development","slug":{"current":"development"},"description":null},{"id":"-abe6f55a-e976-5b30-a092-81a6e9ad7f22","title":"Drone","slug":{"current":"drone"},"description":null}]}]}}}