{"data":{"allSanityPoem":{"nodes":[{"id":"-69eb5bdb-7fcd-5b19-a6fb-66c8342d52fe","title":"El almohadon de plumas","publishedAt":"2024-03-16T01:21:08.196Z","coverImage":{"asset":{"gatsbyImageData":{"images":{"sources":[],"fallback":{"src":"https://cdn.sanity.io/images/jg74t18n/production/03c2378398358c23815b0a4e203016e083e1afd6-1200x1694.jpg?w=1200&h=1694&auto=format","srcSet":"https://cdn.sanity.io/images/jg74t18n/production/03c2378398358c23815b0a4e203016e083e1afd6-1200x1694.jpg?rect=1,0,1199,1694&w=320&h=452&auto=format 320w,\nhttps://cdn.sanity.io/images/jg74t18n/production/03c2378398358c23815b0a4e203016e083e1afd6-1200x1694.jpg?w=654&h=923&auto=format 654w,\nhttps://cdn.sanity.io/images/jg74t18n/production/03c2378398358c23815b0a4e203016e083e1afd6-1200x1694.jpg?w=768&h=1084&auto=format 768w,\nhttps://cdn.sanity.io/images/jg74t18n/production/03c2378398358c23815b0a4e203016e083e1afd6-1200x1694.jpg?w=1024&h=1446&auto=format 1024w,\nhttps://cdn.sanity.io/images/jg74t18n/production/03c2378398358c23815b0a4e203016e083e1afd6-1200x1694.jpg?w=1200&h=1694&auto=format 1200w","sizes":"(min-width: 1200px) 1200px, 100vw"}},"layout":"constrained","backgroundColor":"#db413d","width":1200,"height":1694}},"alt":"Portada del almohadón de plumas"},"genre":[{"title":"Cuentos"}],"slug":{"current":"el-almohadon-de-plumas"},"author":{"name":"Roman","slug":{"current":"roman"},"profileImage":{"asset":{"gatsbyImageData":{"images":{"sources":[],"fallback":{"src":"https://cdn.sanity.io/images/jg74t18n/production/9b135e03920b8ac13d84ba10c40d7ddd429e8cd1-1080x1080.png?w=1080&h=1080&auto=format","srcSet":"https://cdn.sanity.io/images/jg74t18n/production/9b135e03920b8ac13d84ba10c40d7ddd429e8cd1-1080x1080.png?w=320&h=320&auto=format 320w,\nhttps://cdn.sanity.io/images/jg74t18n/production/9b135e03920b8ac13d84ba10c40d7ddd429e8cd1-1080x1080.png?w=654&h=654&auto=format 654w,\nhttps://cdn.sanity.io/images/jg74t18n/production/9b135e03920b8ac13d84ba10c40d7ddd429e8cd1-1080x1080.png?w=768&h=768&auto=format 768w,\nhttps://cdn.sanity.io/images/jg74t18n/production/9b135e03920b8ac13d84ba10c40d7ddd429e8cd1-1080x1080.png?w=1024&h=1024&auto=format 1024w,\nhttps://cdn.sanity.io/images/jg74t18n/production/9b135e03920b8ac13d84ba10c40d7ddd429e8cd1-1080x1080.png?w=1080&h=1080&auto=format 1080w","sizes":"(min-width: 1080px) 1080px, 100vw"}},"layout":"constrained","backgroundColor":"#bcbcbc","width":1080,"height":1080}}}},"categories":[]},{"id":"-51e3f5c7-b863-5307-ba63-9474a0bc70e7","title":"Ausencia","publishedAt":"2024-03-13T16:59:19.610Z","coverImage":null,"genre":[{"title":"Poemas"}],"slug":{"current":"ausencia"},"author":{"name":"Roman","slug":{"current":"roman"},"profileImage":{"asset":{"gatsbyImageData":{"images":{"sources":[],"fallback":{"src":"https://cdn.sanity.io/images/jg74t18n/production/9b135e03920b8ac13d84ba10c40d7ddd429e8cd1-1080x1080.png?w=1080&h=1080&auto=format","srcSet":"https://cdn.sanity.io/images/jg74t18n/production/9b135e03920b8ac13d84ba10c40d7ddd429e8cd1-1080x1080.png?w=320&h=320&auto=format 320w,\nhttps://cdn.sanity.io/images/jg74t18n/production/9b135e03920b8ac13d84ba10c40d7ddd429e8cd1-1080x1080.png?w=654&h=654&auto=format 654w,\nhttps://cdn.sanity.io/images/jg74t18n/production/9b135e03920b8ac13d84ba10c40d7ddd429e8cd1-1080x1080.png?w=768&h=768&auto=format 768w,\nhttps://cdn.sanity.io/images/jg74t18n/production/9b135e03920b8ac13d84ba10c40d7ddd429e8cd1-1080x1080.png?w=1024&h=1024&auto=format 1024w,\nhttps://cdn.sanity.io/images/jg74t18n/production/9b135e03920b8ac13d84ba10c40d7ddd429e8cd1-1080x1080.png?w=1080&h=1080&auto=format 1080w","sizes":"(min-width: 1080px) 1080px, 100vw"}},"layout":"constrained","backgroundColor":"#bcbcbc","width":1080,"height":1080}}}},"categories":[{"title":"Escritura-creativa","slug":{"current":"escritura-creativa"}}]}]},"allSanityGenre":{"nodes":[{"_id":"dccc174a-a2eb-4683-bc4f-5f9ca6f7e0e1","slug":{"current":"poemas"},"title":"Poemas"},{"_id":"0293d472-7b6e-4251-aeaf-bffbe39c1b76","slug":{"current":"cuentos"},"title":"Cuentos"}]},"sanityCategory":{"title":"Escritura-creativa","slug":{"current":"escritura-creativa"},"coverImage":{"asset":{"gatsbyImageData":{"images":{"sources":[],"fallback":{"src":"https://cdn.sanity.io/images/jg74t18n/production/2f11627f228e98f722df01fa26ba19a416b7b504-8245x5500.jpg?w=8245&h=5500&auto=format","srcSet":"https://cdn.sanity.io/images/jg74t18n/production/2f11627f228e98f722df01fa26ba19a416b7b504-8245x5500.jpg?rect=0,6,8245,5488&w=320&h=213&auto=format 320w,\nhttps://cdn.sanity.io/images/jg74t18n/production/2f11627f228e98f722df01fa26ba19a416b7b504-8245x5500.jpg?rect=0,2,8245,5497&w=654&h=436&auto=format 654w,\nhttps://cdn.sanity.io/images/jg74t18n/production/2f11627f228e98f722df01fa26ba19a416b7b504-8245x5500.jpg?rect=0,2,8245,5497&w=768&h=512&auto=format 768w,\nhttps://cdn.sanity.io/images/jg74t18n/production/2f11627f228e98f722df01fa26ba19a416b7b504-8245x5500.jpg?rect=0,1,8245,5499&w=1024&h=683&auto=format 1024w,\nhttps://cdn.sanity.io/images/jg74t18n/production/2f11627f228e98f722df01fa26ba19a416b7b504-8245x5500.jpg?rect=0,1,8245,5499&w=1366&h=911&auto=format 1366w,\nhttps://cdn.sanity.io/images/jg74t18n/production/2f11627f228e98f722df01fa26ba19a416b7b504-8245x5500.jpg?rect=0,1,8245,5498&w=1600&h=1067&auto=format 1600w,\nhttps://cdn.sanity.io/images/jg74t18n/production/2f11627f228e98f722df01fa26ba19a416b7b504-8245x5500.jpg?rect=1,0,8244,5500&w=1920&h=1281&auto=format 1920w,\nhttps://cdn.sanity.io/images/jg74t18n/production/2f11627f228e98f722df01fa26ba19a416b7b504-8245x5500.jpg?rect=0,1,8245,5499&w=2048&h=1366&auto=format 2048w,\nhttps://cdn.sanity.io/images/jg74t18n/production/2f11627f228e98f722df01fa26ba19a416b7b504-8245x5500.jpg?rect=1,0,8244,5500&w=2560&h=1708&auto=format 2560w,\nhttps://cdn.sanity.io/images/jg74t18n/production/2f11627f228e98f722df01fa26ba19a416b7b504-8245x5500.jpg?rect=1,0,8244,5500&w=3440&h=2295&auto=format 3440w,\nhttps://cdn.sanity.io/images/jg74t18n/production/2f11627f228e98f722df01fa26ba19a416b7b504-8245x5500.jpg?rect=1,0,8244,5500&w=3840&h=2562&auto=format 3840w,\nhttps://cdn.sanity.io/images/jg74t18n/production/2f11627f228e98f722df01fa26ba19a416b7b504-8245x5500.jpg?rect=0,1,8245,5499&w=4096&h=2732&auto=format 4096w,\nhttps://cdn.sanity.io/images/jg74t18n/production/2f11627f228e98f722df01fa26ba19a416b7b504-8245x5500.jpg?w=8245&h=5500&auto=format 8245w","sizes":"(min-width: 8245px) 8245px, 100vw"}},"layout":"constrained","backgroundColor":"#647cdc","width":8245,"height":5500}}},"description":[{"_rawChildren":[{"_key":"3e3287aff380","_type":"span","marks":[],"text":"En esta sección se encuentran todos los poemas"}]}]}}}