{"data":{"localSearchBlogs":{"publicStoreURL":"/static/30e168203c1ff9e9f838869feddd30e6.store.json","publicIndexURL":"/static/30e168203c1ff9e9f838869feddd30e6.index.txt"},"localSearchCategories":{"publicStoreURL":"/static/64ad4c05d3da6ec30b484e526e18b731.store.json","publicIndexURL":"/static/64ad4c05d3da6ec30b484e526e18b731.index.txt"},"localSearchAuthors":{"publicStoreURL":"/static/fa9432996d0fd49607c9ef850248e93b.store.json","publicIndexURL":"/static/fa9432996d0fd49607c9ef850248e93b.index.txt"}}}