{"app":["/app-edccf9e8fe83e2d0ac7d.js"],"component---src-pages-404-tsx":["/component---src-pages-404-tsx-7f68fd9a9b3260bcdf24.js"],"component---src-pages-categorias-escritura-creativa-index-tsx":["/component---src-pages-categorias-escritura-creativa-index-tsx-68717d31525ac0f5ef00.js"],"component---src-pages-index-tsx":["/component---src-pages-index-tsx-560d5905f516b72910c1.js"],"component---src-templates-author-list-js":["/component---src-templates-author-list-js-62c1cbdcf87cfc829c0f.js"],"component---src-templates-blog-list-js":["/component---src-templates-blog-list-js-66913cda3867c460610b.js"],"component---src-templates-category-list-js":["/component---src-templates-category-list-js-73bd293b77ae67e4e5b1.js"],"component---src-templates-contact-js":["/component---src-templates-contact-js-04c7b16ad37e0fa66559.js"],"component---src-templates-poem-list-js":["/component---src-templates-poem-list-js-17c2d0694e283142533b.js"],"component---src-templates-single-author-js":["/component---src-templates-single-author-js-c396ac0098c13998b3e0.js"],"component---src-templates-single-blog-js":["/component---src-templates-single-blog-js-09cf2f710afcce4e2d78.js"],"component---src-templates-single-category-js":["/component---src-templates-single-category-js-36f2e70565711572f0b7.js"],"component---src-templates-single-poem-js":["/component---src-templates-single-poem-js-56ffb7930ba87b4bbba4.js"]}