{"name":"build-javascript","namedChunkGroups":{"app":{"name":"app","assets":[{"name":"webpack-runtime-9d2746f06df625fba2ce.js","size":4824},{"name":"framework-db7977865b757e5f149b.js","size":141398},{"name":"styles.dfc3c7afb6df1353c250.css","size":89649},{"name":"fea29d9f-1143f3cb36e862816c04.js","size":1127},{"name":"cb355538-dfcc779446f948530d0d.js","size":3510},{"name":"app-edccf9e8fe83e2d0ac7d.js","size":290364}],"filteredAssets":0,"assetsSize":530872,"filteredAuxiliaryAssets":21,"auxiliaryAssetsSize":5704808},"component---src-pages-404-tsx":{"name":"component---src-pages-404-tsx","assets":[{"name":"component---src-pages-404-tsx-7f68fd9a9b3260bcdf24.js","size":930}],"filteredAssets":0,"assetsSize":930,"filteredAuxiliaryAssets":1,"auxiliaryAssetsSize":2458},"component---src-pages-categorias-escritura-creativa-index-tsx":{"name":"component---src-pages-categorias-escritura-creativa-index-tsx","assets":[{"name":"ab3574212b5cd977aa2cbd44633ef84de6ef37a3-3af4f527307945d5088b.js","size":15541},{"name":"component---src-pages-categorias-escritura-creativa-index-tsx-68717d31525ac0f5ef00.js","size":7112}],"filteredAssets":0,"assetsSize":22653,"filteredAuxiliaryAssets":2,"auxiliaryAssetsSize":88445},"component---src-pages-index-tsx":{"name":"component---src-pages-index-tsx","assets":[{"name":"019d026b-d13cee2903464f71c1a9.js","size":1095},{"name":"ab3574212b5cd977aa2cbd44633ef84de6ef37a3-3af4f527307945d5088b.js","size":15541},{"name":"component---src-pages-index-tsx-560d5905f516b72910c1.js","size":20602}],"filteredAssets":0,"assetsSize":37238,"filteredAuxiliaryAssets":3,"auxiliaryAssetsSize":4947235},"component---src-templates-author-list-js":{"name":"component---src-templates-author-list-js","assets":[{"name":"ab3574212b5cd977aa2cbd44633ef84de6ef37a3-3af4f527307945d5088b.js","size":15541},{"name":"component---src-templates-author-list-js-62c1cbdcf87cfc829c0f.js","size":8571}],"filteredAssets":0,"assetsSize":24112,"filteredAuxiliaryAssets":2,"auxiliaryAssetsSize":95585},"component---src-templates-blog-list-js":{"name":"component---src-templates-blog-list-js","assets":[{"name":"ab3574212b5cd977aa2cbd44633ef84de6ef37a3-3af4f527307945d5088b.js","size":15541},{"name":"component---src-templates-blog-list-js-66913cda3867c460610b.js","size":6963}],"filteredAssets":0,"assetsSize":22504,"filteredAuxiliaryAssets":2,"auxiliaryAssetsSize":87918},"component---src-templates-category-list-js":{"name":"component---src-templates-category-list-js","assets":[{"name":"framework-db7977865b757e5f149b.js","size":141398},{"name":"ab3574212b5cd977aa2cbd44633ef84de6ef37a3-3af4f527307945d5088b.js","size":15541},{"name":"1066a88914617fbda8d1d4bb75aa1aa8a2d4a381-18958f300a320c2e0064.js","size":650064},{"name":"component---src-templates-category-list-js-73bd293b77ae67e4e5b1.js","size":3420}],"filteredAssets":0,"assetsSize":810423,"filteredAuxiliaryAssets":4,"auxiliaryAssetsSize":1908632},"component---src-templates-contact-js":{"name":"component---src-templates-contact-js","assets":[{"name":"ab3574212b5cd977aa2cbd44633ef84de6ef37a3-3af4f527307945d5088b.js","size":15541},{"name":"component---src-templates-contact-js-04c7b16ad37e0fa66559.js","size":10838}],"filteredAssets":0,"assetsSize":26379,"filteredAuxiliaryAssets":2,"auxiliaryAssetsSize":92608},"component---src-templates-poem-list-js":{"name":"component---src-templates-poem-list-js","assets":[{"name":"ab3574212b5cd977aa2cbd44633ef84de6ef37a3-3af4f527307945d5088b.js","size":15541},{"name":"component---src-templates-poem-list-js-17c2d0694e283142533b.js","size":18260}],"filteredAssets":0,"assetsSize":33801,"filteredAuxiliaryAssets":2,"auxiliaryAssetsSize":106200},"component---src-templates-single-author-js":{"name":"component---src-templates-single-author-js","assets":[{"name":"framework-db7977865b757e5f149b.js","size":141398},{"name":"ab3574212b5cd977aa2cbd44633ef84de6ef37a3-3af4f527307945d5088b.js","size":15541},{"name":"1066a88914617fbda8d1d4bb75aa1aa8a2d4a381-18958f300a320c2e0064.js","size":650064},{"name":"component---src-templates-single-author-js-c396ac0098c13998b3e0.js","size":9074}],"filteredAssets":0,"assetsSize":816077,"filteredAuxiliaryAssets":4,"auxiliaryAssetsSize":1921693},"component---src-templates-single-blog-js":{"name":"component---src-templates-single-blog-js","assets":[{"name":"framework-db7977865b757e5f149b.js","size":141398},{"name":"4577d2ec-72ac9a3e71a0ff24e3e3.js","size":701},{"name":"ab3574212b5cd977aa2cbd44633ef84de6ef37a3-3af4f527307945d5088b.js","size":15541},{"name":"1066a88914617fbda8d1d4bb75aa1aa8a2d4a381-18958f300a320c2e0064.js","size":650064},{"name":"component---src-templates-single-blog-js-09cf2f710afcce4e2d78.js","size":2694}],"filteredAssets":0,"assetsSize":810398,"filteredAuxiliaryAssets":5,"auxiliaryAssetsSize":2800787},"component---src-templates-single-category-js":{"name":"component---src-templates-single-category-js","assets":[{"name":"ab3574212b5cd977aa2cbd44633ef84de6ef37a3-3af4f527307945d5088b.js","size":15541},{"name":"component---src-templates-single-category-js-36f2e70565711572f0b7.js","size":10095}],"filteredAssets":0,"assetsSize":25636,"filteredAuxiliaryAssets":2,"auxiliaryAssetsSize":95431},"component---src-templates-single-poem-js":{"name":"component---src-templates-single-poem-js","assets":[{"name":"framework-db7977865b757e5f149b.js","size":141398},{"name":"4577d2ec-72ac9a3e71a0ff24e3e3.js","size":701},{"name":"ab3574212b5cd977aa2cbd44633ef84de6ef37a3-3af4f527307945d5088b.js","size":15541},{"name":"1066a88914617fbda8d1d4bb75aa1aa8a2d4a381-18958f300a320c2e0064.js","size":650064},{"name":"component---src-templates-single-poem-js-56ffb7930ba87b4bbba4.js","size":2366}],"filteredAssets":0,"assetsSize":810070,"filteredAuxiliaryAssets":5,"auxiliaryAssetsSize":2799956}},"assetsByChunkName":{"app":["webpack-runtime-9d2746f06df625fba2ce.js","framework-db7977865b757e5f149b.js","styles.dfc3c7afb6df1353c250.css","fea29d9f-1143f3cb36e862816c04.js","cb355538-dfcc779446f948530d0d.js","app-edccf9e8fe83e2d0ac7d.js"],"component---src-pages-404-tsx":["component---src-pages-404-tsx-7f68fd9a9b3260bcdf24.js"],"component---src-pages-categorias-escritura-creativa-index-tsx":["ab3574212b5cd977aa2cbd44633ef84de6ef37a3-3af4f527307945d5088b.js","component---src-pages-categorias-escritura-creativa-index-tsx-68717d31525ac0f5ef00.js"],"component---src-pages-index-tsx":["019d026b-d13cee2903464f71c1a9.js","ab3574212b5cd977aa2cbd44633ef84de6ef37a3-3af4f527307945d5088b.js","component---src-pages-index-tsx-560d5905f516b72910c1.js"],"component---src-templates-author-list-js":["ab3574212b5cd977aa2cbd44633ef84de6ef37a3-3af4f527307945d5088b.js","component---src-templates-author-list-js-62c1cbdcf87cfc829c0f.js"],"component---src-templates-blog-list-js":["ab3574212b5cd977aa2cbd44633ef84de6ef37a3-3af4f527307945d5088b.js","component---src-templates-blog-list-js-66913cda3867c460610b.js"],"component---src-templates-category-list-js":["framework-db7977865b757e5f149b.js","ab3574212b5cd977aa2cbd44633ef84de6ef37a3-3af4f527307945d5088b.js","1066a88914617fbda8d1d4bb75aa1aa8a2d4a381-18958f300a320c2e0064.js","component---src-templates-category-list-js-73bd293b77ae67e4e5b1.js"],"component---src-templates-contact-js":["ab3574212b5cd977aa2cbd44633ef84de6ef37a3-3af4f527307945d5088b.js","component---src-templates-contact-js-04c7b16ad37e0fa66559.js"],"component---src-templates-poem-list-js":["ab3574212b5cd977aa2cbd44633ef84de6ef37a3-3af4f527307945d5088b.js","component---src-templates-poem-list-js-17c2d0694e283142533b.js"],"component---src-templates-single-author-js":["framework-db7977865b757e5f149b.js","ab3574212b5cd977aa2cbd44633ef84de6ef37a3-3af4f527307945d5088b.js","1066a88914617fbda8d1d4bb75aa1aa8a2d4a381-18958f300a320c2e0064.js","component---src-templates-single-author-js-c396ac0098c13998b3e0.js"],"component---src-templates-single-blog-js":["framework-db7977865b757e5f149b.js","4577d2ec-72ac9a3e71a0ff24e3e3.js","ab3574212b5cd977aa2cbd44633ef84de6ef37a3-3af4f527307945d5088b.js","1066a88914617fbda8d1d4bb75aa1aa8a2d4a381-18958f300a320c2e0064.js","component---src-templates-single-blog-js-09cf2f710afcce4e2d78.js"],"component---src-templates-single-category-js":["ab3574212b5cd977aa2cbd44633ef84de6ef37a3-3af4f527307945d5088b.js","component---src-templates-single-category-js-36f2e70565711572f0b7.js"],"component---src-templates-single-poem-js":["framework-db7977865b757e5f149b.js","4577d2ec-72ac9a3e71a0ff24e3e3.js","ab3574212b5cd977aa2cbd44633ef84de6ef37a3-3af4f527307945d5088b.js","1066a88914617fbda8d1d4bb75aa1aa8a2d4a381-18958f300a320c2e0064.js","component---src-templates-single-poem-js-56ffb7930ba87b4bbba4.js"]},"childAssetsByChunkName":{}}