{"-eeb6b861-22e5-593e-a348-d00dd3f06d09":{"id":"-eeb6b861-22e5-593e-a348-d00dd3f06d09","title":"Primer post","publishedAt":"2024-03-18T18:11:59.496Z","slug":{"current":"primer-post"},"coverImage":{"asset":{"gatsbyImageData":{"images":{"sources":[],"fallback":{"src":"https://cdn.sanity.io/images/jg74t18n/production/e45e703f1e8d9d4875c87b4931a09fbe6f48d35f-5000x4000.jpg?w=5000&h=4000&auto=format","srcSet":"https://cdn.sanity.io/images/jg74t18n/production/e45e703f1e8d9d4875c87b4931a09fbe6f48d35f-5000x4000.jpg?w=320&h=256&auto=format 320w,\nhttps://cdn.sanity.io/images/jg74t18n/production/e45e703f1e8d9d4875c87b4931a09fbe6f48d35f-5000x4000.jpg?rect=0,1,5000,3998&w=654&h=523&auto=format 654w,\nhttps://cdn.sanity.io/images/jg74t18n/production/e45e703f1e8d9d4875c87b4931a09fbe6f48d35f-5000x4000.jpg?rect=0,2,5000,3997&w=768&h=614&auto=format 768w,\nhttps://cdn.sanity.io/images/jg74t18n/production/e45e703f1e8d9d4875c87b4931a09fbe6f48d35f-5000x4000.jpg?rect=0,1,5000,3999&w=1024&h=819&auto=format 1024w,\nhttps://cdn.sanity.io/images/jg74t18n/production/e45e703f1e8d9d4875c87b4931a09fbe6f48d35f-5000x4000.jpg?rect=1,0,4999,4000&w=1366&h=1093&auto=format 1366w,\nhttps://cdn.sanity.io/images/jg74t18n/production/e45e703f1e8d9d4875c87b4931a09fbe6f48d35f-5000x4000.jpg?w=1600&h=1280&auto=format 1600w,\nhttps://cdn.sanity.io/images/jg74t18n/production/e45e703f1e8d9d4875c87b4931a09fbe6f48d35f-5000x4000.jpg?w=1920&h=1536&auto=format 1920w,\nhttps://cdn.sanity.io/images/jg74t18n/production/e45e703f1e8d9d4875c87b4931a09fbe6f48d35f-5000x4000.jpg?rect=0,1,5000,3999&w=2048&h=1638&auto=format 2048w,\nhttps://cdn.sanity.io/images/jg74t18n/production/e45e703f1e8d9d4875c87b4931a09fbe6f48d35f-5000x4000.jpg?w=2560&h=2048&auto=format 2560w,\nhttps://cdn.sanity.io/images/jg74t18n/production/e45e703f1e8d9d4875c87b4931a09fbe6f48d35f-5000x4000.jpg?w=3440&h=2752&auto=format 3440w,\nhttps://cdn.sanity.io/images/jg74t18n/production/e45e703f1e8d9d4875c87b4931a09fbe6f48d35f-5000x4000.jpg?w=3840&h=3072&auto=format 3840w,\nhttps://cdn.sanity.io/images/jg74t18n/production/e45e703f1e8d9d4875c87b4931a09fbe6f48d35f-5000x4000.jpg?w=4096&h=3277&auto=format 4096w,\nhttps://cdn.sanity.io/images/jg74t18n/production/e45e703f1e8d9d4875c87b4931a09fbe6f48d35f-5000x4000.jpg?w=5000&h=4000&auto=format 5000w","sizes":"(min-width: 5000px) 5000px, 100vw"}},"layout":"constrained","backgroundColor":"#040c14","width":5000,"height":4000}}}},"-7a644d1e-9624-53ee-b3d7-48105bb83941":{"id":"-7a644d1e-9624-53ee-b3d7-48105bb83941","title":"post de prueb","publishedAt":"2024-03-18T19:28:55.593Z","slug":{"current":"post-de-prueb"},"coverImage":{"asset":{"gatsbyImageData":{"images":{"sources":[],"fallback":{"src":"https://cdn.sanity.io/images/jg74t18n/production/f7619a0994f850b3c759a81971209ebfda9d66ac-182x277.png?w=182&h=277&auto=format","srcSet":"https://cdn.sanity.io/images/jg74t18n/production/f7619a0994f850b3c759a81971209ebfda9d66ac-182x277.png?w=182&h=277&auto=format 182w","sizes":"(min-width: 182px) 182px, 100vw"}},"layout":"constrained","backgroundColor":"#bbbbbb","width":182,"height":277}}}},"-5e202d5a-94a5-59d3-990c-cb616d3c828c":{"id":"-5e202d5a-94a5-59d3-990c-cb616d3c828c","title":"This is a demo post 7","publishedAt":"2022-02-18T10:24:56.748Z","slug":{"current":"this-is-a-demo-post-7"},"coverImage":{"asset":{"gatsbyImageData":{"images":{"sources":[],"fallback":{"src":"https://cdn.sanity.io/images/jg74t18n/production/c7b16870349fb5bac339458217a23b542e02aebd-4492x3024.jpg?w=4492&h=3024&auto=format","srcSet":"https://cdn.sanity.io/images/jg74t18n/production/c7b16870349fb5bac339458217a23b542e02aebd-4492x3024.jpg?rect=0,3,4492,3018&w=320&h=215&auto=format 320w,\nhttps://cdn.sanity.io/images/jg74t18n/production/c7b16870349fb5bac339458217a23b542e02aebd-4492x3024.jpg?rect=0,1,4492,3022&w=654&h=440&auto=format 654w,\nhttps://cdn.sanity.io/images/jg74t18n/production/c7b16870349fb5bac339458217a23b542e02aebd-4492x3024.jpg?w=768&h=517&auto=format 768w,\nhttps://cdn.sanity.io/images/jg74t18n/production/c7b16870349fb5bac339458217a23b542e02aebd-4492x3024.jpg?rect=0,1,4492,3022&w=1024&h=689&auto=format 1024w,\nhttps://cdn.sanity.io/images/jg74t18n/production/c7b16870349fb5bac339458217a23b542e02aebd-4492x3024.jpg?rect=1,0,4490,3024&w=1366&h=920&auto=format 1366w,\nhttps://cdn.sanity.io/images/jg74t18n/production/c7b16870349fb5bac339458217a23b542e02aebd-4492x3024.jpg?w=1600&h=1077&auto=format 1600w,\nhttps://cdn.sanity.io/images/jg74t18n/production/c7b16870349fb5bac339458217a23b542e02aebd-4492x3024.jpg?rect=1,0,4490,3024&w=1920&h=1293&auto=format 1920w,\nhttps://cdn.sanity.io/images/jg74t18n/production/c7b16870349fb5bac339458217a23b542e02aebd-4492x3024.jpg?rect=1,0,4491,3024&w=2048&h=1379&auto=format 2048w,\nhttps://cdn.sanity.io/images/jg74t18n/production/c7b16870349fb5bac339458217a23b542e02aebd-4492x3024.jpg?rect=0,1,4492,3023&w=2560&h=1723&auto=format 2560w,\nhttps://cdn.sanity.io/images/jg74t18n/production/c7b16870349fb5bac339458217a23b542e02aebd-4492x3024.jpg?w=3440&h=2316&auto=format 3440w,\nhttps://cdn.sanity.io/images/jg74t18n/production/c7b16870349fb5bac339458217a23b542e02aebd-4492x3024.jpg?w=3840&h=2585&auto=format 3840w,\nhttps://cdn.sanity.io/images/jg74t18n/production/c7b16870349fb5bac339458217a23b542e02aebd-4492x3024.jpg?w=4096&h=2757&auto=format 4096w,\nhttps://cdn.sanity.io/images/jg74t18n/production/c7b16870349fb5bac339458217a23b542e02aebd-4492x3024.jpg?w=4492&h=3024&auto=format 4492w","sizes":"(min-width: 4492px) 4492px, 100vw"}},"layout":"constrained","backgroundColor":"#4e2d27","width":4492,"height":3024}}}},"-dd8ec0a0-7c93-5cc4-aa3a-9a4341e60f00":{"id":"-dd8ec0a0-7c93-5cc4-aa3a-9a4341e60f00","title":"This is a demo post 8","publishedAt":"2022-02-22T06:16:42.211Z","slug":{"current":"this-is-a-demo-post-8"},"coverImage":{"asset":{"gatsbyImageData":{"images":{"sources":[],"fallback":{"src":"https://cdn.sanity.io/images/jg74t18n/production/92e098cf930ceeaf96eb95b0c855235fc8e1ea7f-5472x3648.jpg?w=5472&h=3648&auto=format","srcSet":"https://cdn.sanity.io/images/jg74t18n/production/92e098cf930ceeaf96eb95b0c855235fc8e1ea7f-5472x3648.jpg?rect=0,3,5472,3642&w=320&h=213&auto=format 320w,\nhttps://cdn.sanity.io/images/jg74t18n/production/92e098cf930ceeaf96eb95b0c855235fc8e1ea7f-5472x3648.jpg?w=654&h=436&auto=format 654w,\nhttps://cdn.sanity.io/images/jg74t18n/production/92e098cf930ceeaf96eb95b0c855235fc8e1ea7f-5472x3648.jpg?w=768&h=512&auto=format 768w,\nhttps://cdn.sanity.io/images/jg74t18n/production/92e098cf930ceeaf96eb95b0c855235fc8e1ea7f-5472x3648.jpg?rect=2,0,5469,3648&w=1024&h=683&auto=format 1024w,\nhttps://cdn.sanity.io/images/jg74t18n/production/92e098cf930ceeaf96eb95b0c855235fc8e1ea7f-5472x3648.jpg?rect=1,0,5470,3648&w=1366&h=911&auto=format 1366w,\nhttps://cdn.sanity.io/images/jg74t18n/production/92e098cf930ceeaf96eb95b0c855235fc8e1ea7f-5472x3648.jpg?rect=1,0,5470,3648&w=1600&h=1067&auto=format 1600w,\nhttps://cdn.sanity.io/images/jg74t18n/production/92e098cf930ceeaf96eb95b0c855235fc8e1ea7f-5472x3648.jpg?w=1920&h=1280&auto=format 1920w,\nhttps://cdn.sanity.io/images/jg74t18n/production/92e098cf930ceeaf96eb95b0c855235fc8e1ea7f-5472x3648.jpg?rect=0,1,5472,3647&w=2048&h=1365&auto=format 2048w,\nhttps://cdn.sanity.io/images/jg74t18n/production/92e098cf930ceeaf96eb95b0c855235fc8e1ea7f-5472x3648.jpg?rect=1,0,5471,3648&w=2560&h=1707&auto=format 2560w,\nhttps://cdn.sanity.io/images/jg74t18n/production/92e098cf930ceeaf96eb95b0c855235fc8e1ea7f-5472x3648.jpg?rect=0,1,5472,3647&w=3440&h=2293&auto=format 3440w,\nhttps://cdn.sanity.io/images/jg74t18n/production/92e098cf930ceeaf96eb95b0c855235fc8e1ea7f-5472x3648.jpg?w=3840&h=2560&auto=format 3840w,\nhttps://cdn.sanity.io/images/jg74t18n/production/92e098cf930ceeaf96eb95b0c855235fc8e1ea7f-5472x3648.jpg?rect=1,0,5471,3648&w=4096&h=2731&auto=format 4096w,\nhttps://cdn.sanity.io/images/jg74t18n/production/92e098cf930ceeaf96eb95b0c855235fc8e1ea7f-5472x3648.jpg?w=5472&h=3648&auto=format 5472w","sizes":"(min-width: 5472px) 5472px, 100vw"}},"layout":"constrained","backgroundColor":"#202f29","width":5472,"height":3648}}}},"-fd85b3b8-2109-57f2-81df-952945b5e6be":{"id":"-fd85b3b8-2109-57f2-81df-952945b5e6be","title":"This is a demo post 2","publishedAt":"2022-02-18T05:23:52.723Z","slug":{"current":"this-is-a-demo-post-2"},"coverImage":{"asset":{"gatsbyImageData":{"images":{"sources":[],"fallback":{"src":"https://cdn.sanity.io/images/jg74t18n/production/0197c7e3ce2b1e1aa49557ac5af9bfc8d80516ff-5760x3840.jpg?w=5760&h=3840&auto=format","srcSet":"https://cdn.sanity.io/images/jg74t18n/production/0197c7e3ce2b1e1aa49557ac5af9bfc8d80516ff-5760x3840.jpg?rect=0,3,5760,3834&w=320&h=213&auto=format 320w,\nhttps://cdn.sanity.io/images/jg74t18n/production/0197c7e3ce2b1e1aa49557ac5af9bfc8d80516ff-5760x3840.jpg?w=654&h=436&auto=format 654w,\nhttps://cdn.sanity.io/images/jg74t18n/production/0197c7e3ce2b1e1aa49557ac5af9bfc8d80516ff-5760x3840.jpg?w=768&h=512&auto=format 768w,\nhttps://cdn.sanity.io/images/jg74t18n/production/0197c7e3ce2b1e1aa49557ac5af9bfc8d80516ff-5760x3840.jpg?rect=2,0,5757,3840&w=1024&h=683&auto=format 1024w,\nhttps://cdn.sanity.io/images/jg74t18n/production/0197c7e3ce2b1e1aa49557ac5af9bfc8d80516ff-5760x3840.jpg?rect=1,0,5758,3840&w=1366&h=911&auto=format 1366w,\nhttps://cdn.sanity.io/images/jg74t18n/production/0197c7e3ce2b1e1aa49557ac5af9bfc8d80516ff-5760x3840.jpg?rect=1,0,5758,3840&w=1600&h=1067&auto=format 1600w,\nhttps://cdn.sanity.io/images/jg74t18n/production/0197c7e3ce2b1e1aa49557ac5af9bfc8d80516ff-5760x3840.jpg?w=1920&h=1280&auto=format 1920w,\nhttps://cdn.sanity.io/images/jg74t18n/production/0197c7e3ce2b1e1aa49557ac5af9bfc8d80516ff-5760x3840.jpg?rect=0,1,5760,3839&w=2048&h=1365&auto=format 2048w,\nhttps://cdn.sanity.io/images/jg74t18n/production/0197c7e3ce2b1e1aa49557ac5af9bfc8d80516ff-5760x3840.jpg?rect=1,0,5759,3840&w=2560&h=1707&auto=format 2560w,\nhttps://cdn.sanity.io/images/jg74t18n/production/0197c7e3ce2b1e1aa49557ac5af9bfc8d80516ff-5760x3840.jpg?rect=0,1,5760,3839&w=3440&h=2293&auto=format 3440w,\nhttps://cdn.sanity.io/images/jg74t18n/production/0197c7e3ce2b1e1aa49557ac5af9bfc8d80516ff-5760x3840.jpg?w=3840&h=2560&auto=format 3840w,\nhttps://cdn.sanity.io/images/jg74t18n/production/0197c7e3ce2b1e1aa49557ac5af9bfc8d80516ff-5760x3840.jpg?rect=1,0,5759,3840&w=4096&h=2731&auto=format 4096w,\nhttps://cdn.sanity.io/images/jg74t18n/production/0197c7e3ce2b1e1aa49557ac5af9bfc8d80516ff-5760x3840.jpg?w=5760&h=3840&auto=format 5760w","sizes":"(min-width: 5760px) 5760px, 100vw"}},"layout":"constrained","backgroundColor":"#254c44","width":5760,"height":3840}}}},"-0298949b-a1c6-55da-9fb9-0ad6d3d5f059":{"id":"-0298949b-a1c6-55da-9fb9-0ad6d3d5f059","title":"This is a demo post 3","publishedAt":"2022-02-18T06:24:04.960Z","slug":{"current":"this-is-a-demo-post-3"},"coverImage":{"asset":{"gatsbyImageData":{"images":{"sources":[],"fallback":{"src":"https://cdn.sanity.io/images/jg74t18n/production/261ead52dbf3adf9392ee7381c26a75449f0fb24-7360x4912.jpg?w=7360&h=4912&auto=format","srcSet":"https://cdn.sanity.io/images/jg74t18n/production/261ead52dbf3adf9392ee7381c26a75449f0fb24-7360x4912.jpg?rect=8,0,7345,4912&w=320&h=214&auto=format 320w,\nhttps://cdn.sanity.io/images/jg74t18n/production/261ead52dbf3adf9392ee7381c26a75449f0fb24-7360x4912.jpg?rect=0,3,7360,4907&w=654&h=436&auto=format 654w,\nhttps://cdn.sanity.io/images/jg74t18n/production/261ead52dbf3adf9392ee7381c26a75449f0fb24-7360x4912.jpg?rect=3,0,7354,4912&w=768&h=513&auto=format 768w,\nhttps://cdn.sanity.io/images/jg74t18n/production/261ead52dbf3adf9392ee7381c26a75449f0fb24-7360x4912.jpg?rect=0,2,7360,4909&w=1024&h=683&auto=format 1024w,\nhttps://cdn.sanity.io/images/jg74t18n/production/261ead52dbf3adf9392ee7381c26a75449f0fb24-7360x4912.jpg?rect=2,0,7357,4912&w=1366&h=912&auto=format 1366w,\nhttps://cdn.sanity.io/images/jg74t18n/production/261ead52dbf3adf9392ee7381c26a75449f0fb24-7360x4912.jpg?rect=1,0,7359,4912&w=1600&h=1068&auto=format 1600w,\nhttps://cdn.sanity.io/images/jg74t18n/production/261ead52dbf3adf9392ee7381c26a75449f0fb24-7360x4912.jpg?rect=0,1,7360,4911&w=1920&h=1281&auto=format 1920w,\nhttps://cdn.sanity.io/images/jg74t18n/production/261ead52dbf3adf9392ee7381c26a75449f0fb24-7360x4912.jpg?rect=1,0,7359,4912&w=2048&h=1367&auto=format 2048w,\nhttps://cdn.sanity.io/images/jg74t18n/production/261ead52dbf3adf9392ee7381c26a75449f0fb24-7360x4912.jpg?rect=1,0,7358,4912&w=2560&h=1709&auto=format 2560w,\nhttps://cdn.sanity.io/images/jg74t18n/production/261ead52dbf3adf9392ee7381c26a75449f0fb24-7360x4912.jpg?rect=1,0,7359,4912&w=3440&h=2296&auto=format 3440w,\nhttps://cdn.sanity.io/images/jg74t18n/production/261ead52dbf3adf9392ee7381c26a75449f0fb24-7360x4912.jpg?rect=1,0,7359,4912&w=3840&h=2563&auto=format 3840w,\nhttps://cdn.sanity.io/images/jg74t18n/production/261ead52dbf3adf9392ee7381c26a75449f0fb24-7360x4912.jpg?rect=1,0,7359,4912&w=4096&h=2734&auto=format 4096w,\nhttps://cdn.sanity.io/images/jg74t18n/production/261ead52dbf3adf9392ee7381c26a75449f0fb24-7360x4912.jpg?w=7360&h=4912&auto=format 7360w","sizes":"(min-width: 7360px) 7360px, 100vw"}},"layout":"constrained","backgroundColor":"#157573","width":7360,"height":4912}}}},"-cfdb8a21-1eff-57df-af1e-63e8a885b20e":{"id":"-cfdb8a21-1eff-57df-af1e-63e8a885b20e","title":"This is a demo post 5","publishedAt":"2022-02-18T08:24:30.177Z","slug":{"current":"this-is-a-demo-post-5"},"coverImage":{"asset":{"gatsbyImageData":{"images":{"sources":[],"fallback":{"src":"https://cdn.sanity.io/images/jg74t18n/production/c7b52d8a7f31fd71b2ae0f414dcf8d4dbd052795-3460x2423.jpg?w=3460&h=2423&auto=format","srcSet":"https://cdn.sanity.io/images/jg74t18n/production/c7b52d8a7f31fd71b2ae0f414dcf8d4dbd052795-3460x2423.jpg?rect=0,1,3460,2422&w=320&h=224&auto=format 320w,\nhttps://cdn.sanity.io/images/jg74t18n/production/c7b52d8a7f31fd71b2ae0f414dcf8d4dbd052795-3460x2423.jpg?w=654&h=458&auto=format 654w,\nhttps://cdn.sanity.io/images/jg74t18n/production/c7b52d8a7f31fd71b2ae0f414dcf8d4dbd052795-3460x2423.jpg?rect=1,0,3459,2423&w=768&h=538&auto=format 768w,\nhttps://cdn.sanity.io/images/jg74t18n/production/c7b52d8a7f31fd71b2ae0f414dcf8d4dbd052795-3460x2423.jpg?w=1024&h=717&auto=format 1024w,\nhttps://cdn.sanity.io/images/jg74t18n/production/c7b52d8a7f31fd71b2ae0f414dcf8d4dbd052795-3460x2423.jpg?rect=1,0,3459,2423&w=1366&h=957&auto=format 1366w,\nhttps://cdn.sanity.io/images/jg74t18n/production/c7b52d8a7f31fd71b2ae0f414dcf8d4dbd052795-3460x2423.jpg?rect=0,1,3460,2422&w=1600&h=1120&auto=format 1600w,\nhttps://cdn.sanity.io/images/jg74t18n/production/c7b52d8a7f31fd71b2ae0f414dcf8d4dbd052795-3460x2423.jpg?rect=1,0,3459,2423&w=1920&h=1345&auto=format 1920w,\nhttps://cdn.sanity.io/images/jg74t18n/production/c7b52d8a7f31fd71b2ae0f414dcf8d4dbd052795-3460x2423.jpg?w=2048&h=1434&auto=format 2048w,\nhttps://cdn.sanity.io/images/jg74t18n/production/c7b52d8a7f31fd71b2ae0f414dcf8d4dbd052795-3460x2423.jpg?rect=1,0,3459,2423&w=2560&h=1793&auto=format 2560w,\nhttps://cdn.sanity.io/images/jg74t18n/production/c7b52d8a7f31fd71b2ae0f414dcf8d4dbd052795-3460x2423.jpg?w=3440&h=2409&auto=format 3440w,\nhttps://cdn.sanity.io/images/jg74t18n/production/c7b52d8a7f31fd71b2ae0f414dcf8d4dbd052795-3460x2423.jpg?w=3460&h=2423&auto=format 3460w","sizes":"(min-width: 3460px) 3460px, 100vw"}},"layout":"constrained","backgroundColor":"#7c0606","width":3460,"height":2423}}}},"-63aee5d9-80a9-5e93-bc8a-504f43055e09":{"id":"-63aee5d9-80a9-5e93-bc8a-504f43055e09","title":"This is a demo post 6","publishedAt":"2022-02-18T04:24:48.222Z","slug":{"current":"this-is-a-demo-post-6"},"coverImage":{"asset":{"gatsbyImageData":{"images":{"sources":[],"fallback":{"src":"https://cdn.sanity.io/images/jg74t18n/production/b8e14532089b91c62fab74bbc0f081d7f25ff6c3-3354x4192.jpg?w=3354&h=4192&auto=format","srcSet":"https://cdn.sanity.io/images/jg74t18n/production/b8e14532089b91c62fab74bbc0f081d7f25ff6c3-3354x4192.jpg?w=320&h=400&auto=format 320w,\nhttps://cdn.sanity.io/images/jg74t18n/production/b8e14532089b91c62fab74bbc0f081d7f25ff6c3-3354x4192.jpg?rect=0,1,3354,4190&w=654&h=817&auto=format 654w,\nhttps://cdn.sanity.io/images/jg74t18n/production/b8e14532089b91c62fab74bbc0f081d7f25ff6c3-3354x4192.jpg?w=768&h=960&auto=format 768w,\nhttps://cdn.sanity.io/images/jg74t18n/production/b8e14532089b91c62fab74bbc0f081d7f25ff6c3-3354x4192.jpg?w=1024&h=1280&auto=format 1024w,\nhttps://cdn.sanity.io/images/jg74t18n/production/b8e14532089b91c62fab74bbc0f081d7f25ff6c3-3354x4192.jpg?rect=0,1,3354,4191&w=1366&h=1707&auto=format 1366w,\nhttps://cdn.sanity.io/images/jg74t18n/production/b8e14532089b91c62fab74bbc0f081d7f25ff6c3-3354x4192.jpg?w=1600&h=2000&auto=format 1600w,\nhttps://cdn.sanity.io/images/jg74t18n/production/b8e14532089b91c62fab74bbc0f081d7f25ff6c3-3354x4192.jpg?w=1920&h=2400&auto=format 1920w,\nhttps://cdn.sanity.io/images/jg74t18n/production/b8e14532089b91c62fab74bbc0f081d7f25ff6c3-3354x4192.jpg?w=2048&h=2560&auto=format 2048w,\nhttps://cdn.sanity.io/images/jg74t18n/production/b8e14532089b91c62fab74bbc0f081d7f25ff6c3-3354x4192.jpg?w=2560&h=3200&auto=format 2560w,\nhttps://cdn.sanity.io/images/jg74t18n/production/b8e14532089b91c62fab74bbc0f081d7f25ff6c3-3354x4192.jpg?w=3354&h=4192&auto=format 3354w","sizes":"(min-width: 3354px) 3354px, 100vw"}},"layout":"constrained","backgroundColor":"#8f8ea0","width":3354,"height":4192}}}},"-c9c3cac6-1e2e-57eb-976c-45474593c43c":{"id":"-c9c3cac6-1e2e-57eb-976c-45474593c43c","title":"This is a demo post 4","publishedAt":"2022-02-18T07:24:17.411Z","slug":{"current":"this-is-a-demo-post-4"},"coverImage":{"asset":{"gatsbyImageData":{"images":{"sources":[],"fallback":{"src":"https://cdn.sanity.io/images/jg74t18n/production/9242d50ac274e10ff2e6c188f24ce45d8dc6d6f1-4032x3024.jpg?w=4032&h=3024&auto=format","srcSet":"https://cdn.sanity.io/images/jg74t18n/production/9242d50ac274e10ff2e6c188f24ce45d8dc6d6f1-4032x3024.jpg?w=320&h=240&auto=format 320w,\nhttps://cdn.sanity.io/images/jg74t18n/production/9242d50ac274e10ff2e6c188f24ce45d8dc6d6f1-4032x3024.jpg?rect=2,0,4028,3024&w=654&h=491&auto=format 654w,\nhttps://cdn.sanity.io/images/jg74t18n/production/9242d50ac274e10ff2e6c188f24ce45d8dc6d6f1-4032x3024.jpg?w=768&h=576&auto=format 768w,\nhttps://cdn.sanity.io/images/jg74t18n/production/9242d50ac274e10ff2e6c188f24ce45d8dc6d6f1-4032x3024.jpg?w=1024&h=768&auto=format 1024w,\nhttps://cdn.sanity.io/images/jg74t18n/production/9242d50ac274e10ff2e6c188f24ce45d8dc6d6f1-4032x3024.jpg?rect=1,0,4030,3024&w=1366&h=1025&auto=format 1366w,\nhttps://cdn.sanity.io/images/jg74t18n/production/9242d50ac274e10ff2e6c188f24ce45d8dc6d6f1-4032x3024.jpg?w=1600&h=1200&auto=format 1600w,\nhttps://cdn.sanity.io/images/jg74t18n/production/9242d50ac274e10ff2e6c188f24ce45d8dc6d6f1-4032x3024.jpg?w=1920&h=1440&auto=format 1920w,\nhttps://cdn.sanity.io/images/jg74t18n/production/9242d50ac274e10ff2e6c188f24ce45d8dc6d6f1-4032x3024.jpg?w=2048&h=1536&auto=format 2048w,\nhttps://cdn.sanity.io/images/jg74t18n/production/9242d50ac274e10ff2e6c188f24ce45d8dc6d6f1-4032x3024.jpg?w=2560&h=1920&auto=format 2560w,\nhttps://cdn.sanity.io/images/jg74t18n/production/9242d50ac274e10ff2e6c188f24ce45d8dc6d6f1-4032x3024.jpg?w=3440&h=2580&auto=format 3440w,\nhttps://cdn.sanity.io/images/jg74t18n/production/9242d50ac274e10ff2e6c188f24ce45d8dc6d6f1-4032x3024.jpg?w=3840&h=2880&auto=format 3840w,\nhttps://cdn.sanity.io/images/jg74t18n/production/9242d50ac274e10ff2e6c188f24ce45d8dc6d6f1-4032x3024.jpg?w=4032&h=3024&auto=format 4032w","sizes":"(min-width: 4032px) 4032px, 100vw"}},"layout":"constrained","backgroundColor":"#12167e","width":4032,"height":3024}}}}}