{"-69eb5bdb-7fcd-5b19-a6fb-66c8342d52fe":{"id":"-69eb5bdb-7fcd-5b19-a6fb-66c8342d52fe","title":"El almohadon de plumas","publishedAt":"2024-03-16T01:21:08.196Z","slug":{"current":"el-almohadon-de-plumas"},"coverImage":{"asset":{"gatsbyImageData":{"images":{"sources":[],"fallback":{"src":"https://cdn.sanity.io/images/jg74t18n/production/03c2378398358c23815b0a4e203016e083e1afd6-1200x1694.jpg?w=1200&h=1694&auto=format","srcSet":"https://cdn.sanity.io/images/jg74t18n/production/03c2378398358c23815b0a4e203016e083e1afd6-1200x1694.jpg?rect=1,0,1199,1694&w=320&h=452&auto=format 320w,\nhttps://cdn.sanity.io/images/jg74t18n/production/03c2378398358c23815b0a4e203016e083e1afd6-1200x1694.jpg?w=654&h=923&auto=format 654w,\nhttps://cdn.sanity.io/images/jg74t18n/production/03c2378398358c23815b0a4e203016e083e1afd6-1200x1694.jpg?w=768&h=1084&auto=format 768w,\nhttps://cdn.sanity.io/images/jg74t18n/production/03c2378398358c23815b0a4e203016e083e1afd6-1200x1694.jpg?w=1024&h=1446&auto=format 1024w,\nhttps://cdn.sanity.io/images/jg74t18n/production/03c2378398358c23815b0a4e203016e083e1afd6-1200x1694.jpg?w=1200&h=1694&auto=format 1200w","sizes":"(min-width: 1200px) 1200px, 100vw"}},"layout":"constrained","backgroundColor":"#db413d","width":1200,"height":1694}}}},"-51e3f5c7-b863-5307-ba63-9474a0bc70e7":{"id":"-51e3f5c7-b863-5307-ba63-9474a0bc70e7","title":"Ausencia","publishedAt":"2024-03-13T16:59:19.610Z","slug":{"current":"ausencia"},"coverImage":null},"-25e329ac-0bab-562c-896f-60775971d467":{"id":"-25e329ac-0bab-562c-896f-60775971d467","title":"Cenizas","publishedAt":"2024-03-18T18:18:47.649Z","slug":{"current":"cenizas"},"coverImage":{"asset":{"gatsbyImageData":{"images":{"sources":[],"fallback":{"src":"https://cdn.sanity.io/images/jg74t18n/production/907a08284144a3ddbaa5774ef3749392dc97d347-414x340.jpg?w=414&h=340&auto=format","srcSet":"https://cdn.sanity.io/images/jg74t18n/production/907a08284144a3ddbaa5774ef3749392dc97d347-414x340.jpg?w=320&h=263&auto=format 320w,\nhttps://cdn.sanity.io/images/jg74t18n/production/907a08284144a3ddbaa5774ef3749392dc97d347-414x340.jpg?w=414&h=340&auto=format 414w","sizes":"(min-width: 414px) 414px, 100vw"}},"layout":"constrained","backgroundColor":"#444444","width":414,"height":340.00000000000006}}}}}