{"-f2627609-4292-5e50-a854-fb873b2ef2ef":{"id":"-f2627609-4292-5e50-a854-fb873b2ef2ef","name":"Dakota Stephen","slug":{"current":"dakota-stephen"},"profileImage":{"asset":{"gatsbyImageData":{"images":{"sources":[],"fallback":{"src":"https://cdn.sanity.io/images/jg74t18n/production/8553300131ecf7b8c0c28bd8d2f7e1ef0cf7a9b6-3974x5000.jpg?w=3974&h=5000&auto=format","srcSet":"https://cdn.sanity.io/images/jg74t18n/production/8553300131ecf7b8c0c28bd8d2f7e1ef0cf7a9b6-3974x5000.jpg?rect=2,0,3970,5000&w=320&h=403&auto=format 320w,\nhttps://cdn.sanity.io/images/jg74t18n/production/8553300131ecf7b8c0c28bd8d2f7e1ef0cf7a9b6-3974x5000.jpg?rect=1,0,3973,5000&w=654&h=823&auto=format 654w,\nhttps://cdn.sanity.io/images/jg74t18n/production/8553300131ecf7b8c0c28bd8d2f7e1ef0cf7a9b6-3974x5000.jpg?rect=0,1,3974,4999&w=768&h=966&auto=format 768w,\nhttps://cdn.sanity.io/images/jg74t18n/production/8553300131ecf7b8c0c28bd8d2f7e1ef0cf7a9b6-3974x5000.jpg?rect=0,1,3974,4999&w=1024&h=1288&auto=format 1024w,\nhttps://cdn.sanity.io/images/jg74t18n/production/8553300131ecf7b8c0c28bd8d2f7e1ef0cf7a9b6-3974x5000.jpg?rect=1,0,3973,5000&w=1366&h=1719&auto=format 1366w,\nhttps://cdn.sanity.io/images/jg74t18n/production/8553300131ecf7b8c0c28bd8d2f7e1ef0cf7a9b6-3974x5000.jpg?w=1600&h=2013&auto=format 1600w,\nhttps://cdn.sanity.io/images/jg74t18n/production/8553300131ecf7b8c0c28bd8d2f7e1ef0cf7a9b6-3974x5000.jpg?w=1920&h=2416&auto=format 1920w,\nhttps://cdn.sanity.io/images/jg74t18n/production/8553300131ecf7b8c0c28bd8d2f7e1ef0cf7a9b6-3974x5000.jpg?w=2048&h=2577&auto=format 2048w,\nhttps://cdn.sanity.io/images/jg74t18n/production/8553300131ecf7b8c0c28bd8d2f7e1ef0cf7a9b6-3974x5000.jpg?w=2560&h=3221&auto=format 2560w,\nhttps://cdn.sanity.io/images/jg74t18n/production/8553300131ecf7b8c0c28bd8d2f7e1ef0cf7a9b6-3974x5000.jpg?w=3440&h=4328&auto=format 3440w,\nhttps://cdn.sanity.io/images/jg74t18n/production/8553300131ecf7b8c0c28bd8d2f7e1ef0cf7a9b6-3974x5000.jpg?w=3840&h=4831&auto=format 3840w,\nhttps://cdn.sanity.io/images/jg74t18n/production/8553300131ecf7b8c0c28bd8d2f7e1ef0cf7a9b6-3974x5000.jpg?w=3974&h=5000&auto=format 3974w","sizes":"(min-width: 3974px) 3974px, 100vw"}},"layout":"constrained","backgroundColor":"#e2b796","width":3974,"height":5000}}}},"-7603fa42-c834-55af-aa15-b6ab4e5db8c2":{"id":"-7603fa42-c834-55af-aa15-b6ab4e5db8c2","name":"Acacia Bautista","slug":{"current":"acacia-bautista"},"profileImage":{"asset":{"gatsbyImageData":{"images":{"sources":[],"fallback":{"src":"https://cdn.sanity.io/images/jg74t18n/production/349b16cef88f38497cd0ed6ce2fe1daf06263c45-190x190.png?w=190&h=190&auto=format","srcSet":"https://cdn.sanity.io/images/jg74t18n/production/349b16cef88f38497cd0ed6ce2fe1daf06263c45-190x190.png?w=190&h=190&auto=format 190w","sizes":"(min-width: 190px) 190px, 100vw"}},"layout":"constrained","backgroundColor":"#dcac90","width":190,"height":190}}}},"-21f741a8-c0ea-54fc-b25a-ed8ac864d317":{"id":"-21f741a8-c0ea-54fc-b25a-ed8ac864d317","name":"Marcelo Posadas","slug":{"current":"marcelo-posadas"},"profileImage":{"asset":{"gatsbyImageData":{"images":{"sources":[],"fallback":{"src":"https://cdn.sanity.io/images/jg74t18n/production/dc4b5f0bc34bb09307e9f7129a2a8355efbf6888-612x612.jpg?w=612&h=612&auto=format","srcSet":"https://cdn.sanity.io/images/jg74t18n/production/dc4b5f0bc34bb09307e9f7129a2a8355efbf6888-612x612.jpg?w=320&h=320&auto=format 320w,\nhttps://cdn.sanity.io/images/jg74t18n/production/dc4b5f0bc34bb09307e9f7129a2a8355efbf6888-612x612.jpg?w=612&h=612&auto=format 612w","sizes":"(min-width: 612px) 612px, 100vw"}},"layout":"constrained","backgroundColor":"#bcbcbc","width":612,"height":612}}}},"-b61e0d92-f16b-5a37-8ac0-60b6a7db100b":{"id":"-b61e0d92-f16b-5a37-8ac0-60b6a7db100b","name":"Angel Choquehuanca","slug":{"current":"angel-choquehuanca"},"profileImage":{"asset":{"gatsbyImageData":{"images":{"sources":[],"fallback":{"src":"https://cdn.sanity.io/images/jg74t18n/production/bc51525f23dd3615bb6de91e5eee8cc70d7ec84e-190x190.png?w=190&h=190&auto=format","srcSet":"https://cdn.sanity.io/images/jg74t18n/production/bc51525f23dd3615bb6de91e5eee8cc70d7ec84e-190x190.png?w=190&h=190&auto=format 190w","sizes":"(min-width: 190px) 190px, 100vw"}},"layout":"constrained","backgroundColor":"#996e4d","width":190,"height":190}}}},"-0f590157-e3f7-506b-9e87-0a645b0206e3":{"id":"-0f590157-e3f7-506b-9e87-0a645b0206e3","name":"Alvaro Peña","slug":{"current":"alvaro-pena"},"profileImage":{"asset":{"gatsbyImageData":{"images":{"sources":[],"fallback":{"src":"https://cdn.sanity.io/images/jg74t18n/production/d558b34acf72b84c4ce3ec96628ae7578ee9a3ab-190x190.png?w=190&h=190&auto=format","srcSet":"https://cdn.sanity.io/images/jg74t18n/production/d558b34acf72b84c4ce3ec96628ae7578ee9a3ab-190x190.png?w=190&h=190&auto=format 190w","sizes":"(min-width: 190px) 190px, 100vw"}},"layout":"constrained","backgroundColor":"#afb1b9","width":190,"height":190}}}},"-2bc690d0-872d-5e91-8913-af622eba3e54":{"id":"-2bc690d0-872d-5e91-8913-af622eba3e54","name":"Roman","slug":{"current":"roman"},"profileImage":{"asset":{"gatsbyImageData":{"images":{"sources":[],"fallback":{"src":"https://cdn.sanity.io/images/jg74t18n/production/9b135e03920b8ac13d84ba10c40d7ddd429e8cd1-1080x1080.png?w=1080&h=1080&auto=format","srcSet":"https://cdn.sanity.io/images/jg74t18n/production/9b135e03920b8ac13d84ba10c40d7ddd429e8cd1-1080x1080.png?w=320&h=320&auto=format 320w,\nhttps://cdn.sanity.io/images/jg74t18n/production/9b135e03920b8ac13d84ba10c40d7ddd429e8cd1-1080x1080.png?w=654&h=654&auto=format 654w,\nhttps://cdn.sanity.io/images/jg74t18n/production/9b135e03920b8ac13d84ba10c40d7ddd429e8cd1-1080x1080.png?w=768&h=768&auto=format 768w,\nhttps://cdn.sanity.io/images/jg74t18n/production/9b135e03920b8ac13d84ba10c40d7ddd429e8cd1-1080x1080.png?w=1024&h=1024&auto=format 1024w,\nhttps://cdn.sanity.io/images/jg74t18n/production/9b135e03920b8ac13d84ba10c40d7ddd429e8cd1-1080x1080.png?w=1080&h=1080&auto=format 1080w","sizes":"(min-width: 1080px) 1080px, 100vw"}},"layout":"constrained","backgroundColor":"#bcbcbc","width":1080,"height":1080}}}},"-aa75c943-1a42-5608-a252-8906dfde2cd9":{"id":"-aa75c943-1a42-5608-a252-8906dfde2cd9","name":"Nico Robin","slug":{"current":"nico-robin"},"profileImage":{"asset":{"gatsbyImageData":{"images":{"sources":[],"fallback":{"src":"https://cdn.sanity.io/images/jg74t18n/production/62e27fdc1cba64eea5e55f6e9302676d351877dc-4000x6000.jpg?w=4000&h=6000&auto=format","srcSet":"https://cdn.sanity.io/images/jg74t18n/production/62e27fdc1cba64eea5e55f6e9302676d351877dc-4000x6000.jpg?w=320&h=480&auto=format 320w,\nhttps://cdn.sanity.io/images/jg74t18n/production/62e27fdc1cba64eea5e55f6e9302676d351877dc-4000x6000.jpg?w=654&h=981&auto=format 654w,\nhttps://cdn.sanity.io/images/jg74t18n/production/62e27fdc1cba64eea5e55f6e9302676d351877dc-4000x6000.jpg?w=768&h=1152&auto=format 768w,\nhttps://cdn.sanity.io/images/jg74t18n/production/62e27fdc1cba64eea5e55f6e9302676d351877dc-4000x6000.jpg?w=1024&h=1536&auto=format 1024w,\nhttps://cdn.sanity.io/images/jg74t18n/production/62e27fdc1cba64eea5e55f6e9302676d351877dc-4000x6000.jpg?w=1366&h=2049&auto=format 1366w,\nhttps://cdn.sanity.io/images/jg74t18n/production/62e27fdc1cba64eea5e55f6e9302676d351877dc-4000x6000.jpg?w=1600&h=2400&auto=format 1600w,\nhttps://cdn.sanity.io/images/jg74t18n/production/62e27fdc1cba64eea5e55f6e9302676d351877dc-4000x6000.jpg?w=1920&h=2880&auto=format 1920w,\nhttps://cdn.sanity.io/images/jg74t18n/production/62e27fdc1cba64eea5e55f6e9302676d351877dc-4000x6000.jpg?w=2048&h=3072&auto=format 2048w,\nhttps://cdn.sanity.io/images/jg74t18n/production/62e27fdc1cba64eea5e55f6e9302676d351877dc-4000x6000.jpg?w=2560&h=3840&auto=format 2560w,\nhttps://cdn.sanity.io/images/jg74t18n/production/62e27fdc1cba64eea5e55f6e9302676d351877dc-4000x6000.jpg?w=3440&h=5160&auto=format 3440w,\nhttps://cdn.sanity.io/images/jg74t18n/production/62e27fdc1cba64eea5e55f6e9302676d351877dc-4000x6000.jpg?w=3840&h=5760&auto=format 3840w,\nhttps://cdn.sanity.io/images/jg74t18n/production/62e27fdc1cba64eea5e55f6e9302676d351877dc-4000x6000.jpg?w=4000&h=6000&auto=format 4000w","sizes":"(min-width: 4000px) 4000px, 100vw"}},"layout":"constrained","backgroundColor":"#4f362e","width":4000,"height":6000}}}},"-81810a43-6830-53e1-a865-d5772fa9e5f2":{"id":"-81810a43-6830-53e1-a865-d5772fa9e5f2","name":"Shaif Arfan","slug":{"current":"shaif-arfan"},"profileImage":{"asset":{"gatsbyImageData":{"images":{"sources":[],"fallback":{"src":"https://cdn.sanity.io/images/jg74t18n/production/8e6ab27a1270cdccbf018bb3c8277951600140fe-2000x2000.png?w=2000&h=2000&auto=format","srcSet":"https://cdn.sanity.io/images/jg74t18n/production/8e6ab27a1270cdccbf018bb3c8277951600140fe-2000x2000.png?w=320&h=320&auto=format 320w,\nhttps://cdn.sanity.io/images/jg74t18n/production/8e6ab27a1270cdccbf018bb3c8277951600140fe-2000x2000.png?w=654&h=654&auto=format 654w,\nhttps://cdn.sanity.io/images/jg74t18n/production/8e6ab27a1270cdccbf018bb3c8277951600140fe-2000x2000.png?w=768&h=768&auto=format 768w,\nhttps://cdn.sanity.io/images/jg74t18n/production/8e6ab27a1270cdccbf018bb3c8277951600140fe-2000x2000.png?w=1024&h=1024&auto=format 1024w,\nhttps://cdn.sanity.io/images/jg74t18n/production/8e6ab27a1270cdccbf018bb3c8277951600140fe-2000x2000.png?w=1366&h=1366&auto=format 1366w,\nhttps://cdn.sanity.io/images/jg74t18n/production/8e6ab27a1270cdccbf018bb3c8277951600140fe-2000x2000.png?w=1600&h=1600&auto=format 1600w,\nhttps://cdn.sanity.io/images/jg74t18n/production/8e6ab27a1270cdccbf018bb3c8277951600140fe-2000x2000.png?w=1920&h=1920&auto=format 1920w,\nhttps://cdn.sanity.io/images/jg74t18n/production/8e6ab27a1270cdccbf018bb3c8277951600140fe-2000x2000.png?w=2000&h=2000&auto=format 2000w","sizes":"(min-width: 2000px) 2000px, 100vw"}},"layout":"constrained","backgroundColor":"#81b2d5","width":2000,"height":2000}}}}}