{"-3d111f27-bc0b-57f8-b201-034b957da9b1":{"id":"-3d111f27-bc0b-57f8-b201-034b957da9b1","title":"Virtual Reality","slug":{"current":"virtual-reality"}},"-abe6f55a-e976-5b30-a092-81a6e9ad7f22":{"id":"-abe6f55a-e976-5b30-a092-81a6e9ad7f22","title":"Drone","slug":{"current":"drone"}},"-cf8e180d-19f6-5839-a278-7cecfaf593ac":{"id":"-cf8e180d-19f6-5839-a278-7cecfaf593ac","title":"Code","slug":{"current":"code"}},"-393f18fe-b623-5e2b-b414-474be239a245":{"id":"-393f18fe-b623-5e2b-b414-474be239a245","title":"Development","slug":{"current":"development"}},"-850f074d-080a-5b1b-a890-1db9070a39d2":{"id":"-850f074d-080a-5b1b-a890-1db9070a39d2","title":"Telecommunication","slug":{"current":"telecommunication"}},"-49749fca-b469-52a0-bb9a-96222b08bdfb":{"id":"-49749fca-b469-52a0-bb9a-96222b08bdfb","title":"Poemas","slug":{"current":"poemas"}}}